LOCATION,INDICATOR,MEASURE,TIME,Value
AUS,EDUPRIVEXP,PC_GDP,2012,1.801
AUS,EDUPRIVEXP,PC_GDP,2013,1.787
AUS,EDUPRIVEXP,PC_GDP,2014,1.8
AUS,EDUPRIVEXP,PC_GDP,1995,
AUS,EDUPRIVEXP,PC_GDP,2000,1.447
AUS,EDUPRIVEXP,PC_GDP,2005,1.463
AUS,EDUPRIVEXP,PC_GDP,2008,1.486
AUS,EDUPRIVEXP,PC_GDP,2009,1.599
AUS,EDUPRIVEXP,PC_GDP,2010,1.617
AUS,EDUPRIVEXP,PC_GDP,2011,1.594
AUS,EDUPRIVEXP,PC_GDP,2012,1.591
AUS,EDUPRIVEXP,PC_GDP,2013,1.668
AUS,EDUPRIVEXP,PC_GDP,2014,1.844
AUT,EDUPRIVEXP,PC_GDP,2012,0.849
AUT,EDUPRIVEXP,PC_GDP,2013,0.901
AUT,EDUPRIVEXP,PC_GDP,2014,0.902
AUT,EDUPRIVEXP,PC_GDP,1995,
AUT,EDUPRIVEXP,PC_GDP,2000,
AUT,EDUPRIVEXP,PC_GDP,2005,
AUT,EDUPRIVEXP,PC_GDP,2008,
AUT,EDUPRIVEXP,PC_GDP,2009,
AUT,EDUPRIVEXP,PC_GDP,2010,
AUT,EDUPRIVEXP,PC_GDP,2011,
AUT,EDUPRIVEXP,PC_GDP,2012,1.755
AUT,EDUPRIVEXP,PC_GDP,2013,1.751
AUT,EDUPRIVEXP,PC_GDP,2014,1.724
BEL,EDUPRIVEXP,PC_GDP,2012,1.57
BEL,EDUPRIVEXP,PC_GDP,2013,1.577
BEL,EDUPRIVEXP,PC_GDP,2014,1.566
BEL,EDUPRIVEXP,PC_GDP,1995,
BEL,EDUPRIVEXP,PC_GDP,2000,
BEL,EDUPRIVEXP,PC_GDP,2005,1.203
BEL,EDUPRIVEXP,PC_GDP,2008,1.253
BEL,EDUPRIVEXP,PC_GDP,2009,1.359
BEL,EDUPRIVEXP,PC_GDP,2010,1.344
BEL,EDUPRIVEXP,PC_GDP,2011,1.344
BEL,EDUPRIVEXP,PC_GDP,2012,1.354
BEL,EDUPRIVEXP,PC_GDP,2013,1.408
BEL,EDUPRIVEXP,PC_GDP,2014,1.429
CAN,EDUPRIVEXP,PC_GDP,2011,2.218
CAN,EDUPRIVEXP,PC_GDP,2012,2.142
CAN,EDUPRIVEXP,PC_GDP,2013,2.137
CAN,EDUPRIVEXP,PC_GDP,2014,2.103
CAN,EDUPRIVEXP,PC_GDP,1995,2.097
CAN,EDUPRIVEXP,PC_GDP,2000,2.286
CAN,EDUPRIVEXP,PC_GDP,2005,2.447
CAN,EDUPRIVEXP,PC_GDP,2008,2.44
CAN,EDUPRIVEXP,PC_GDP,2009,2.633
CAN,EDUPRIVEXP,PC_GDP,2010,2.769
CAN,EDUPRIVEXP,PC_GDP,2011,2.608
CAN,EDUPRIVEXP,PC_GDP,2012,2.566
CAN,EDUPRIVEXP,PC_GDP,2013,2.616
CAN,EDUPRIVEXP,PC_GDP,2014,2.593
CZE,EDUPRIVEXP,PC_GDP,2012,0.747
CZE,EDUPRIVEXP,PC_GDP,2013,0.761
CZE,EDUPRIVEXP,PC_GDP,2014,0.777
CZE,EDUPRIVEXP,PC_GDP,1995,0.828
CZE,EDUPRIVEXP,PC_GDP,2000,0.756
CZE,EDUPRIVEXP,PC_GDP,2005,0.956
CZE,EDUPRIVEXP,PC_GDP,2008,1.091
CZE,EDUPRIVEXP,PC_GDP,2009,1.204
CZE,EDUPRIVEXP,PC_GDP,2010,1.18
CZE,EDUPRIVEXP,PC_GDP,2011,1.358
CZE,EDUPRIVEXP,PC_GDP,2012,1.439
CZE,EDUPRIVEXP,PC_GDP,2013,1.33
CZE,EDUPRIVEXP,PC_GDP,2014,1.228
DNK,EDUPRIVEXP,PC_GDP,2012,2.195
DNK,EDUPRIVEXP,PC_GDP,2013,2.159
DNK,EDUPRIVEXP,PC_GDP,2014,2.116
DNK,EDUPRIVEXP,PC_GDP,1995,1.603
DNK,EDUPRIVEXP,PC_GDP,2000,1.519
DNK,EDUPRIVEXP,PC_GDP,2005,1.658
DNK,EDUPRIVEXP,PC_GDP,2008,1.624
DNK,EDUPRIVEXP,PC_GDP,2009,1.83
DNK,EDUPRIVEXP,PC_GDP,2010,1.829
DNK,EDUPRIVEXP,PC_GDP,2011,1.847
DNK,EDUPRIVEXP,PC_GDP,2012,
DNK,EDUPRIVEXP,PC_GDP,2013,1.706
DNK,EDUPRIVEXP,PC_GDP,2014,1.695
FIN,EDUPRIVEXP,PC_GDP,1995,1.878
FIN,EDUPRIVEXP,PC_GDP,2000,1.648
FIN,EDUPRIVEXP,PC_GDP,2005,1.656
FIN,EDUPRIVEXP,PC_GDP,2008,1.616
FIN,EDUPRIVEXP,PC_GDP,2009,1.811
FIN,EDUPRIVEXP,PC_GDP,2010,1.842
FIN,EDUPRIVEXP,PC_GDP,2011,1.863
FIN,EDUPRIVEXP,PC_GDP,2012,1.848
FIN,EDUPRIVEXP,PC_GDP,2013,1.809
FIN,EDUPRIVEXP,PC_GDP,2014,1.775
FRA,EDUPRIVEXP,PC_GDP,2012,1.171
FRA,EDUPRIVEXP,PC_GDP,2013,1.182
FRA,EDUPRIVEXP,PC_GDP,2014,1.187
FRA,EDUPRIVEXP,PC_GDP,1995,1.371
FRA,EDUPRIVEXP,PC_GDP,2000,1.304
FRA,EDUPRIVEXP,PC_GDP,2005,1.291
FRA,EDUPRIVEXP,PC_GDP,2008,1.389
FRA,EDUPRIVEXP,PC_GDP,2009,1.471
FRA,EDUPRIVEXP,PC_GDP,2010,1.468
FRA,EDUPRIVEXP,PC_GDP,2011,1.453
FRA,EDUPRIVEXP,PC_GDP,2012,1.443
FRA,EDUPRIVEXP,PC_GDP,2013,1.47
FRA,EDUPRIVEXP,PC_GDP,2014,1.482
DEU,EDUPRIVEXP,PC_GDP,2005,0.677
DEU,EDUPRIVEXP,PC_GDP,2008,0.633
DEU,EDUPRIVEXP,PC_GDP,2010,0.698
DEU,EDUPRIVEXP,PC_GDP,2011,0.667
DEU,EDUPRIVEXP,PC_GDP,2012,0.648
DEU,EDUPRIVEXP,PC_GDP,2013,0.646
DEU,EDUPRIVEXP,PC_GDP,2014,0.647
DEU,EDUPRIVEXP,PC_GDP,1995,
DEU,EDUPRIVEXP,PC_GDP,2000,
DEU,EDUPRIVEXP,PC_GDP,2005,1.026
DEU,EDUPRIVEXP,PC_GDP,2008,1.082
DEU,EDUPRIVEXP,PC_GDP,2009,
DEU,EDUPRIVEXP,PC_GDP,2010,1.199
DEU,EDUPRIVEXP,PC_GDP,2011,1.207
DEU,EDUPRIVEXP,PC_GDP,2012,1.219
DEU,EDUPRIVEXP,PC_GDP,2013,1.219
DEU,EDUPRIVEXP,PC_GDP,2014,1.23
ISL,EDUPRIVEXP,PC_GDP,2012,2.256
ISL,EDUPRIVEXP,PC_GDP,2013,2.245
ISL,EDUPRIVEXP,PC_GDP,2014,2.332
ISL,EDUPRIVEXP,PC_GDP,1995,
ISL,EDUPRIVEXP,PC_GDP,2000,1.027
ISL,EDUPRIVEXP,PC_GDP,2005,1.204
ISL,EDUPRIVEXP,PC_GDP,2008,1.195
ISL,EDUPRIVEXP,PC_GDP,2009,1.221
ISL,EDUPRIVEXP,PC_GDP,2010,1.17
ISL,EDUPRIVEXP,PC_GDP,2011,1.114
ISL,EDUPRIVEXP,PC_GDP,2012,1.345
ISL,EDUPRIVEXP,PC_GDP,2013,1.296
ISL,EDUPRIVEXP,PC_GDP,2014,1.285
IRL,EDUPRIVEXP,PC_GDP,2012,2.158
IRL,EDUPRIVEXP,PC_GDP,2013,1.963
IRL,EDUPRIVEXP,PC_GDP,2014,1.826
IRL,EDUPRIVEXP,PC_GDP,1995,1.28
IRL,EDUPRIVEXP,PC_GDP,2000,1.426
IRL,EDUPRIVEXP,PC_GDP,2005,1.097
IRL,EDUPRIVEXP,PC_GDP,2008,1.369
IRL,EDUPRIVEXP,PC_GDP,2009,1.544
IRL,EDUPRIVEXP,PC_GDP,2010,1.473
IRL,EDUPRIVEXP,PC_GDP,2011,1.388
IRL,EDUPRIVEXP,PC_GDP,2012,1.369
IRL,EDUPRIVEXP,PC_GDP,2013,1.193
IRL,EDUPRIVEXP,PC_GDP,2014,1.115
ITA,EDUPRIVEXP,PC_GDP,2012,1.019
ITA,EDUPRIVEXP,PC_GDP,2013,1.057
ITA,EDUPRIVEXP,PC_GDP,2014,1.057
ITA,EDUPRIVEXP,PC_GDP,1995,0.715
ITA,EDUPRIVEXP,PC_GDP,2000,0.823
ITA,EDUPRIVEXP,PC_GDP,2005,0.844
ITA,EDUPRIVEXP,PC_GDP,2008,0.928
ITA,EDUPRIVEXP,PC_GDP,2009,0.96
ITA,EDUPRIVEXP,PC_GDP,2010,0.958
ITA,EDUPRIVEXP,PC_GDP,2011,0.967
ITA,EDUPRIVEXP,PC_GDP,2012,0.944
ITA,EDUPRIVEXP,PC_GDP,2013,0.97
ITA,EDUPRIVEXP,PC_GDP,2014,0.964
JPN,EDUPRIVEXP,PC_GDP,2012,1.287
JPN,EDUPRIVEXP,PC_GDP,2013,1.257
JPN,EDUPRIVEXP,PC_GDP,2014,1.26
JPN,EDUPRIVEXP,PC_GDP,1995,1.274
JPN,EDUPRIVEXP,PC_GDP,2000,1.391
JPN,EDUPRIVEXP,PC_GDP,2005,1.397
JPN,EDUPRIVEXP,PC_GDP,2008,1.512
JPN,EDUPRIVEXP,PC_GDP,2009,1.552
JPN,EDUPRIVEXP,PC_GDP,2010,1.524
JPN,EDUPRIVEXP,PC_GDP,2011,1.58
JPN,EDUPRIVEXP,PC_GDP,2012,1.547
JPN,EDUPRIVEXP,PC_GDP,2013,1.558
JPN,EDUPRIVEXP,PC_GDP,2014,1.535
KOR,EDUPRIVEXP,PC_GDP,2005,1.635
KOR,EDUPRIVEXP,PC_GDP,2008,1.554
KOR,EDUPRIVEXP,PC_GDP,2009,1.817
KOR,EDUPRIVEXP,PC_GDP,2010,1.822
KOR,EDUPRIVEXP,PC_GDP,2011,1.815
KOR,EDUPRIVEXP,PC_GDP,2012,1.806
KOR,EDUPRIVEXP,PC_GDP,2013,1.735
KOR,EDUPRIVEXP,PC_GDP,2014,1.678
KOR,EDUPRIVEXP,PC_GDP,1995,
KOR,EDUPRIVEXP,PC_GDP,2000,2.115
KOR,EDUPRIVEXP,PC_GDP,2005,2.135
KOR,EDUPRIVEXP,PC_GDP,2008,2.375
KOR,EDUPRIVEXP,PC_GDP,2009,2.381
KOR,EDUPRIVEXP,PC_GDP,2010,2.405
KOR,EDUPRIVEXP,PC_GDP,2011,2.43
KOR,EDUPRIVEXP,PC_GDP,2012,2.344
KOR,EDUPRIVEXP,PC_GDP,2013,2.293
KOR,EDUPRIVEXP,PC_GDP,2014,2.257
LUX,EDUPRIVEXP,PC_GDP,2012,1.447
LUX,EDUPRIVEXP,PC_GDP,2013,1.226
LUX,EDUPRIVEXP,PC_GDP,2014,1.307
MEX,EDUPRIVEXP,PC_GDP,2012,1.996
MEX,EDUPRIVEXP,PC_GDP,2013,2
MEX,EDUPRIVEXP,PC_GDP,2014,1.959
MEX,EDUPRIVEXP,PC_GDP,1995,0.949
MEX,EDUPRIVEXP,PC_GDP,2000,0.94
MEX,EDUPRIVEXP,PC_GDP,2005,1.165
MEX,EDUPRIVEXP,PC_GDP,2008,1.212
MEX,EDUPRIVEXP,PC_GDP,2009,1.404
MEX,EDUPRIVEXP,PC_GDP,2010,1.36
MEX,EDUPRIVEXP,PC_GDP,2011,1.267
MEX,EDUPRIVEXP,PC_GDP,2012,1.323
MEX,EDUPRIVEXP,PC_GDP,2013,1.26
MEX,EDUPRIVEXP,PC_GDP,2014,1.436
NLD,EDUPRIVEXP,PC_GDP,1995,1.091
NLD,EDUPRIVEXP,PC_GDP,2000,1.163
NLD,EDUPRIVEXP,PC_GDP,2005,1.341
NLD,EDUPRIVEXP,PC_GDP,2008,1.255
NLD,EDUPRIVEXP,PC_GDP,2009,1.371
NLD,EDUPRIVEXP,PC_GDP,2010,1.355
NLD,EDUPRIVEXP,PC_GDP,2011,1.313
NLD,EDUPRIVEXP,PC_GDP,2012,1.307
NLD,EDUPRIVEXP,PC_GDP,2013,1.319
NLD,EDUPRIVEXP,PC_GDP,2014,1.249
NLD,EDUPRIVEXP,PC_GDP,1995,1.519
NLD,EDUPRIVEXP,PC_GDP,2000,1.32
NLD,EDUPRIVEXP,PC_GDP,2005,1.455
NLD,EDUPRIVEXP,PC_GDP,2008,1.448
NLD,EDUPRIVEXP,PC_GDP,2009,1.585
NLD,EDUPRIVEXP,PC_GDP,2010,1.619
NLD,EDUPRIVEXP,PC_GDP,2011,1.649
NLD,EDUPRIVEXP,PC_GDP,2012,1.686
NLD,EDUPRIVEXP,PC_GDP,2013,1.71
NLD,EDUPRIVEXP,PC_GDP,2014,1.731
NZL,EDUPRIVEXP,PC_GDP,2012,1.683
NZL,EDUPRIVEXP,PC_GDP,2013,1.592
NZL,EDUPRIVEXP,PC_GDP,2014,1.611
NZL,EDUPRIVEXP,PC_GDP,1995,
NZL,EDUPRIVEXP,PC_GDP,2000,
NZL,EDUPRIVEXP,PC_GDP,2005,
NZL,EDUPRIVEXP,PC_GDP,2008,
NZL,EDUPRIVEXP,PC_GDP,2009,
NZL,EDUPRIVEXP,PC_GDP,2010,
NZL,EDUPRIVEXP,PC_GDP,2011,
NZL,EDUPRIVEXP,PC_GDP,2012,1.835
NZL,EDUPRIVEXP,PC_GDP,2013,1.746
NZL,EDUPRIVEXP,PC_GDP,2014,1.81
NOR,EDUPRIVEXP,PC_GDP,1995,1.657
NOR,EDUPRIVEXP,PC_GDP,2000,1.266
NOR,EDUPRIVEXP,PC_GDP,2005,
NOR,EDUPRIVEXP,PC_GDP,2008,1.556
NOR,EDUPRIVEXP,PC_GDP,2009,1.659
NOR,EDUPRIVEXP,PC_GDP,2010,1.626
NOR,EDUPRIVEXP,PC_GDP,2011,1.613
NOR,EDUPRIVEXP,PC_GDP,2012,1.579
NOR,EDUPRIVEXP,PC_GDP,2013,1.606
NOR,EDUPRIVEXP,PC_GDP,2014,1.673
POL,EDUPRIVEXP,PC_GDP,2012,1.567
POL,EDUPRIVEXP,PC_GDP,2013,1.589
POL,EDUPRIVEXP,PC_GDP,2014,1.631
POL,EDUPRIVEXP,PC_GDP,1995,0.796
POL,EDUPRIVEXP,PC_GDP,2000,1.055
POL,EDUPRIVEXP,PC_GDP,2005,1.571
POL,EDUPRIVEXP,PC_GDP,2008,1.207
POL,EDUPRIVEXP,PC_GDP,2009,1.498
POL,EDUPRIVEXP,PC_GDP,2010,1.464
POL,EDUPRIVEXP,PC_GDP,2011,1.292
POL,EDUPRIVEXP,PC_GDP,2012,1.318
POL,EDUPRIVEXP,PC_GDP,2013,1.367
POL,EDUPRIVEXP,PC_GDP,2014,1.286
PRT,EDUPRIVEXP,PC_GDP,1995,0.85
PRT,EDUPRIVEXP,PC_GDP,2000,0.945
PRT,EDUPRIVEXP,PC_GDP,2005,1.268
PRT,EDUPRIVEXP,PC_GDP,2008,1.293
PRT,EDUPRIVEXP,PC_GDP,2009,1.308
PRT,EDUPRIVEXP,PC_GDP,2010,1.394
PRT,EDUPRIVEXP,PC_GDP,2011,1.331
PRT,EDUPRIVEXP,PC_GDP,2012,1.343
PRT,EDUPRIVEXP,PC_GDP,2013,1.392
PRT,EDUPRIVEXP,PC_GDP,2014,1.357
SVK,EDUPRIVEXP,PC_GDP,2012,0.83
SVK,EDUPRIVEXP,PC_GDP,2013,0.865
SVK,EDUPRIVEXP,PC_GDP,2014,0.871
SVK,EDUPRIVEXP,PC_GDP,1995,0.729
SVK,EDUPRIVEXP,PC_GDP,2000,0.765
SVK,EDUPRIVEXP,PC_GDP,2005,0.894
SVK,EDUPRIVEXP,PC_GDP,2008,0.87
SVK,EDUPRIVEXP,PC_GDP,2009,0.929
SVK,EDUPRIVEXP,PC_GDP,2010,0.906
SVK,EDUPRIVEXP,PC_GDP,2011,0.974
SVK,EDUPRIVEXP,PC_GDP,2012,1.029
SVK,EDUPRIVEXP,PC_GDP,2013,1.061
SVK,EDUPRIVEXP,PC_GDP,2014,1.076
ESP,EDUPRIVEXP,PC_GDP,2012,1.328
ESP,EDUPRIVEXP,PC_GDP,2013,1.325
ESP,EDUPRIVEXP,PC_GDP,2014,1.318
ESP,EDUPRIVEXP,PC_GDP,1995,0.983
ESP,EDUPRIVEXP,PC_GDP,2000,1.119
ESP,EDUPRIVEXP,PC_GDP,2005,1.089
ESP,EDUPRIVEXP,PC_GDP,2008,1.187
ESP,EDUPRIVEXP,PC_GDP,2009,1.276
ESP,EDUPRIVEXP,PC_GDP,2010,1.308
ESP,EDUPRIVEXP,PC_GDP,2011,1.29
ESP,EDUPRIVEXP,PC_GDP,2012,1.259
ESP,EDUPRIVEXP,PC_GDP,2013,1.288
ESP,EDUPRIVEXP,PC_GDP,2014,1.265
SWE,EDUPRIVEXP,PC_GDP,1995,1.479
SWE,EDUPRIVEXP,PC_GDP,2000,1.524
SWE,EDUPRIVEXP,PC_GDP,2005,1.544
SWE,EDUPRIVEXP,PC_GDP,2008,1.504
SWE,EDUPRIVEXP,PC_GDP,2009,1.677
SWE,EDUPRIVEXP,PC_GDP,2010,1.666
SWE,EDUPRIVEXP,PC_GDP,2011,1.654
SWE,EDUPRIVEXP,PC_GDP,2012,1.686
SWE,EDUPRIVEXP,PC_GDP,2013,1.696
SWE,EDUPRIVEXP,PC_GDP,2014,1.692
CHE,EDUPRIVEXP,PC_GDP,2005,
CHE,EDUPRIVEXP,PC_GDP,2008,
CHE,EDUPRIVEXP,PC_GDP,2009,
CHE,EDUPRIVEXP,PC_GDP,2010,
CHE,EDUPRIVEXP,PC_GDP,2011,
CHE,EDUPRIVEXP,PC_GDP,2012,1.469
CHE,EDUPRIVEXP,PC_GDP,2013,
CHE,EDUPRIVEXP,PC_GDP,2014,
GBR,EDUPRIVEXP,PC_GDP,1995,
GBR,EDUPRIVEXP,PC_GDP,2000,
GBR,EDUPRIVEXP,PC_GDP,2005,
GBR,EDUPRIVEXP,PC_GDP,2008,
GBR,EDUPRIVEXP,PC_GDP,2009,
GBR,EDUPRIVEXP,PC_GDP,2010,
GBR,EDUPRIVEXP,PC_GDP,2011,
GBR,EDUPRIVEXP,PC_GDP,2012,1.777
GBR,EDUPRIVEXP,PC_GDP,2013,1.833
GBR,EDUPRIVEXP,PC_GDP,2014,1.806
USA,EDUPRIVEXP,PC_GDP,2005,1.805
USA,EDUPRIVEXP,PC_GDP,2008,1.866
USA,EDUPRIVEXP,PC_GDP,2009,1.865
USA,EDUPRIVEXP,PC_GDP,2010,1.855
USA,EDUPRIVEXP,PC_GDP,2011,1.778
USA,EDUPRIVEXP,PC_GDP,2012,1.686
USA,EDUPRIVEXP,PC_GDP,2013,1.645
USA,EDUPRIVEXP,PC_GDP,2014,1.647
USA,EDUPRIVEXP,PC_GDP,1995,2.119
USA,EDUPRIVEXP,PC_GDP,2000,2.081
USA,EDUPRIVEXP,PC_GDP,2005,2.462
USA,EDUPRIVEXP,PC_GDP,2008,2.555
USA,EDUPRIVEXP,PC_GDP,2009,2.654
USA,EDUPRIVEXP,PC_GDP,2010,2.714
USA,EDUPRIVEXP,PC_GDP,2011,2.767
USA,EDUPRIVEXP,PC_GDP,2012,2.791
USA,EDUPRIVEXP,PC_GDP,2013,2.64
USA,EDUPRIVEXP,PC_GDP,2014,2.68
CHL,EDUPRIVEXP,PC_GDP,2005,1.756
CHL,EDUPRIVEXP,PC_GDP,2008,1.781
CHL,EDUPRIVEXP,PC_GDP,2009,1.945
CHL,EDUPRIVEXP,PC_GDP,2010,1.68
CHL,EDUPRIVEXP,PC_GDP,2011,1.674
CHL,EDUPRIVEXP,PC_GDP,2012,1.856
CHL,EDUPRIVEXP,PC_GDP,2013,1.682
CHL,EDUPRIVEXP,PC_GDP,2014,1.503
CHL,EDUPRIVEXP,PC_GDP,2015,1.535
CHL,EDUPRIVEXP,PC_GDP,1995,1.46
CHL,EDUPRIVEXP,PC_GDP,2000,1.959
CHL,EDUPRIVEXP,PC_GDP,2005,1.919
CHL,EDUPRIVEXP,PC_GDP,2008,1.864
CHL,EDUPRIVEXP,PC_GDP,2009,2.007
CHL,EDUPRIVEXP,PC_GDP,2010,2.292
CHL,EDUPRIVEXP,PC_GDP,2011,2.391
CHL,EDUPRIVEXP,PC_GDP,2012,2.467
CHL,EDUPRIVEXP,PC_GDP,2013,2.385
CHL,EDUPRIVEXP,PC_GDP,2014,2.343
CHL,EDUPRIVEXP,PC_GDP,2015,2.042
EST,EDUPRIVEXP,PC_GDP,2012,1.27
EST,EDUPRIVEXP,PC_GDP,2013,1.518
EST,EDUPRIVEXP,PC_GDP,2014,1.391
EST,EDUPRIVEXP,PC_GDP,1995,0
EST,EDUPRIVEXP,PC_GDP,2000,0
EST,EDUPRIVEXP,PC_GDP,2005,1.143
EST,EDUPRIVEXP,PC_GDP,2008,1.278
EST,EDUPRIVEXP,PC_GDP,2009,1.129
EST,EDUPRIVEXP,PC_GDP,2010,1.573
EST,EDUPRIVEXP,PC_GDP,2011,1.661
EST,EDUPRIVEXP,PC_GDP,2012,1.592
EST,EDUPRIVEXP,PC_GDP,2013,2.042
EST,EDUPRIVEXP,PC_GDP,2014,1.91
IDN,EDUPRIVEXP,PC_GDP,2012,1.631
IDN,EDUPRIVEXP,PC_GDP,2013,1.413
IDN,EDUPRIVEXP,PC_GDP,2014,
IDN,EDUPRIVEXP,PC_GDP,2015,1.571
IDN,EDUPRIVEXP,PC_GDP,2005,
IDN,EDUPRIVEXP,PC_GDP,2008,
IDN,EDUPRIVEXP,PC_GDP,2009,
IDN,EDUPRIVEXP,PC_GDP,2010,
IDN,EDUPRIVEXP,PC_GDP,2011,
IDN,EDUPRIVEXP,PC_GDP,2012,0.838
IDN,EDUPRIVEXP,PC_GDP,2013,0.534
IDN,EDUPRIVEXP,PC_GDP,2014,
IDN,EDUPRIVEXP,PC_GDP,2015,0.675
ISR,EDUPRIVEXP,PC_GDP,1995,2.448
ISR,EDUPRIVEXP,PC_GDP,2000,2.196
ISR,EDUPRIVEXP,PC_GDP,2005,1.998
ISR,EDUPRIVEXP,PC_GDP,2008,2.125
ISR,EDUPRIVEXP,PC_GDP,2009,2.132
ISR,EDUPRIVEXP,PC_GDP,2010,2.312
ISR,EDUPRIVEXP,PC_GDP,2011,2.383
ISR,EDUPRIVEXP,PC_GDP,2012,2.27
ISR,EDUPRIVEXP,PC_GDP,2013,2.273
ISR,EDUPRIVEXP,PC_GDP,2014,2.27
ISR,EDUPRIVEXP,PC_GDP,1995,1.753
ISR,EDUPRIVEXP,PC_GDP,2000,1.649
ISR,EDUPRIVEXP,PC_GDP,2005,1.587
ISR,EDUPRIVEXP,PC_GDP,2008,1.526
ISR,EDUPRIVEXP,PC_GDP,2009,1.495
ISR,EDUPRIVEXP,PC_GDP,2010,1.544
ISR,EDUPRIVEXP,PC_GDP,2011,1.632
ISR,EDUPRIVEXP,PC_GDP,2012,1.444
ISR,EDUPRIVEXP,PC_GDP,2013,1.589
ISR,EDUPRIVEXP,PC_GDP,2014,1.535
RUS,EDUPRIVEXP,PC_GDP,1995,
RUS,EDUPRIVEXP,PC_GDP,2000,0.445
RUS,EDUPRIVEXP,PC_GDP,2005,0.745
RUS,EDUPRIVEXP,PC_GDP,2008,1.386
RUS,EDUPRIVEXP,PC_GDP,2009,1.706
RUS,EDUPRIVEXP,PC_GDP,2010,1.459
RUS,EDUPRIVEXP,PC_GDP,2011,1.303
RUS,EDUPRIVEXP,PC_GDP,2012,1.292
RUS,EDUPRIVEXP,PC_GDP,2013,1.313
RUS,EDUPRIVEXP,PC_GDP,2014,1.256
SVN,EDUPRIVEXP,PC_GDP,2012,1.718
SVN,EDUPRIVEXP,PC_GDP,2013,1.683
SVN,EDUPRIVEXP,PC_GDP,2014,1.655
SVN,EDUPRIVEXP,PC_GDP,1995,
SVN,EDUPRIVEXP,PC_GDP,2000,
SVN,EDUPRIVEXP,PC_GDP,2005,1.261
SVN,EDUPRIVEXP,PC_GDP,2008,1.113
SVN,EDUPRIVEXP,PC_GDP,2009,1.273
SVN,EDUPRIVEXP,PC_GDP,2010,1.248
SVN,EDUPRIVEXP,PC_GDP,2011,1.292
SVN,EDUPRIVEXP,PC_GDP,2012,1.218
SVN,EDUPRIVEXP,PC_GDP,2013,1.166
SVN,EDUPRIVEXP,PC_GDP,2014,1.113
AUS,EDUPRIVEXP,PC_GDP,1995,
AUS,EDUPRIVEXP,PC_GDP,2000,3.641
AUS,EDUPRIVEXP,PC_GDP,2005,3.722
AUS,EDUPRIVEXP,PC_GDP,2008,3.722
AUS,EDUPRIVEXP,PC_GDP,2009,4.183
AUS,EDUPRIVEXP,PC_GDP,2010,4.317
AUS,EDUPRIVEXP,PC_GDP,2011,4.084
AUS,EDUPRIVEXP,PC_GDP,2012,3.975
AUS,EDUPRIVEXP,PC_GDP,2013,3.922
AUS,EDUPRIVEXP,PC_GDP,2014,3.928
AUT,EDUPRIVEXP,PC_GDP,1995,
AUT,EDUPRIVEXP,PC_GDP,2000,
AUT,EDUPRIVEXP,PC_GDP,2005,
AUT,EDUPRIVEXP,PC_GDP,2008,
AUT,EDUPRIVEXP,PC_GDP,2009,
AUT,EDUPRIVEXP,PC_GDP,2010,
AUT,EDUPRIVEXP,PC_GDP,2011,
AUT,EDUPRIVEXP,PC_GDP,2012,3.139
AUT,EDUPRIVEXP,PC_GDP,2013,3.218
AUT,EDUPRIVEXP,PC_GDP,2014,3.147
BEL,EDUPRIVEXP,PC_GDP,1995,
BEL,EDUPRIVEXP,PC_GDP,2000,
BEL,EDUPRIVEXP,PC_GDP,2005,4.074
BEL,EDUPRIVEXP,PC_GDP,2008,4.325
BEL,EDUPRIVEXP,PC_GDP,2009,4.331
BEL,EDUPRIVEXP,PC_GDP,2010,4.292
BEL,EDUPRIVEXP,PC_GDP,2011,4.256
BEL,EDUPRIVEXP,PC_GDP,2012,4.332
BEL,EDUPRIVEXP,PC_GDP,2013,4.37
BEL,EDUPRIVEXP,PC_GDP,2014,4.327
CAN,EDUPRIVEXP,PC_GDP,1995,4.2
CAN,EDUPRIVEXP,PC_GDP,2000,3.242
CAN,EDUPRIVEXP,PC_GDP,2005,3.467
CAN,EDUPRIVEXP,PC_GDP,2008,3.61
CAN,EDUPRIVEXP,PC_GDP,2009,3.732
CAN,EDUPRIVEXP,PC_GDP,2010,3.957
CAN,EDUPRIVEXP,PC_GDP,2011,3.728
CAN,EDUPRIVEXP,PC_GDP,2012,3.638
CAN,EDUPRIVEXP,PC_GDP,2013,3.63
CAN,EDUPRIVEXP,PC_GDP,2014,3.572
CZE,EDUPRIVEXP,PC_GDP,1995,3.233
CZE,EDUPRIVEXP,PC_GDP,2000,2.578
CZE,EDUPRIVEXP,PC_GDP,2005,2.769
CZE,EDUPRIVEXP,PC_GDP,2008,2.528
CZE,EDUPRIVEXP,PC_GDP,2009,2.762
CZE,EDUPRIVEXP,PC_GDP,2010,2.703
CZE,EDUPRIVEXP,PC_GDP,2011,2.717
CZE,EDUPRIVEXP,PC_GDP,2012,2.753
CZE,EDUPRIVEXP,PC_GDP,2013,2.692
CZE,EDUPRIVEXP,PC_GDP,2014,2.646
DNK,EDUPRIVEXP,PC_GDP,1995,3.906
DNK,EDUPRIVEXP,PC_GDP,2000,4.007
DNK,EDUPRIVEXP,PC_GDP,2005,4.356
DNK,EDUPRIVEXP,PC_GDP,2008,4.132
DNK,EDUPRIVEXP,PC_GDP,2009,4.619
DNK,EDUPRIVEXP,PC_GDP,2010,4.665
DNK,EDUPRIVEXP,PC_GDP,2011,4.253
DNK,EDUPRIVEXP,PC_GDP,2012,4.645
DNK,EDUPRIVEXP,PC_GDP,2013,4.58
DNK,EDUPRIVEXP,PC_GDP,2014,4.806
FRA,EDUPRIVEXP,PC_GDP,1995,4.339
FRA,EDUPRIVEXP,PC_GDP,2000,4.166
FRA,EDUPRIVEXP,PC_GDP,2005,3.867
FRA,EDUPRIVEXP,PC_GDP,2008,3.841
FRA,EDUPRIVEXP,PC_GDP,2009,3.99
FRA,EDUPRIVEXP,PC_GDP,2010,3.938
FRA,EDUPRIVEXP,PC_GDP,2011,3.809
FRA,EDUPRIVEXP,PC_GDP,2012,3.791
FRA,EDUPRIVEXP,PC_GDP,2013,3.784
FRA,EDUPRIVEXP,PC_GDP,2014,3.797
DEU,EDUPRIVEXP,PC_GDP,1995,
DEU,EDUPRIVEXP,PC_GDP,2000,
DEU,EDUPRIVEXP,PC_GDP,2005,3.278
DEU,EDUPRIVEXP,PC_GDP,2008,3.078
DEU,EDUPRIVEXP,PC_GDP,2009,
DEU,EDUPRIVEXP,PC_GDP,2010,3.317
DEU,EDUPRIVEXP,PC_GDP,2011,3.188
DEU,EDUPRIVEXP,PC_GDP,2012,3.131
DEU,EDUPRIVEXP,PC_GDP,2013,3.1
DEU,EDUPRIVEXP,PC_GDP,2014,3.065
ISL,EDUPRIVEXP,PC_GDP,1995,
ISL,EDUPRIVEXP,PC_GDP,2000,4.65
ISL,EDUPRIVEXP,PC_GDP,2005,5.228
ISL,EDUPRIVEXP,PC_GDP,2008,4.829
ISL,EDUPRIVEXP,PC_GDP,2009,4.852
ISL,EDUPRIVEXP,PC_GDP,2010,4.669
ISL,EDUPRIVEXP,PC_GDP,2011,4.719
ISL,EDUPRIVEXP,PC_GDP,2012,4.613
ISL,EDUPRIVEXP,PC_GDP,2013,4.55
ISL,EDUPRIVEXP,PC_GDP,2014,4.672
IRL,EDUPRIVEXP,PC_GDP,1995,3.703
IRL,EDUPRIVEXP,PC_GDP,2000,2.839
IRL,EDUPRIVEXP,PC_GDP,2005,3.241
IRL,EDUPRIVEXP,PC_GDP,2008,3.956
IRL,EDUPRIVEXP,PC_GDP,2009,4.413
IRL,EDUPRIVEXP,PC_GDP,2010,4.463
IRL,EDUPRIVEXP,PC_GDP,2011,4.293
IRL,EDUPRIVEXP,PC_GDP,2012,4.308
IRL,EDUPRIVEXP,PC_GDP,2013,3.98
IRL,EDUPRIVEXP,PC_GDP,2014,3.702
ITA,EDUPRIVEXP,PC_GDP,1995,3.366
ITA,EDUPRIVEXP,PC_GDP,2000,3.04
ITA,EDUPRIVEXP,PC_GDP,2005,3.009
ITA,EDUPRIVEXP,PC_GDP,2008,3.063
ITA,EDUPRIVEXP,PC_GDP,2009,3.112
ITA,EDUPRIVEXP,PC_GDP,2010,2.957
ITA,EDUPRIVEXP,PC_GDP,2011,2.823
ITA,EDUPRIVEXP,PC_GDP,2012,2.977
ITA,EDUPRIVEXP,PC_GDP,2013,3.032
ITA,EDUPRIVEXP,PC_GDP,2014,3.009
JPN,EDUPRIVEXP,PC_GDP,1995,3.062
JPN,EDUPRIVEXP,PC_GDP,2000,2.989
JPN,EDUPRIVEXP,PC_GDP,2005,2.854
JPN,EDUPRIVEXP,PC_GDP,2008,2.886
JPN,EDUPRIVEXP,PC_GDP,2009,2.982
JPN,EDUPRIVEXP,PC_GDP,2010,2.954
JPN,EDUPRIVEXP,PC_GDP,2011,2.958
JPN,EDUPRIVEXP,PC_GDP,2012,2.944
JPN,EDUPRIVEXP,PC_GDP,2013,2.873
JPN,EDUPRIVEXP,PC_GDP,2014,2.914
KOR,EDUPRIVEXP,PC_GDP,1995,
KOR,EDUPRIVEXP,PC_GDP,2000,3.318
KOR,EDUPRIVEXP,PC_GDP,2005,3.824
KOR,EDUPRIVEXP,PC_GDP,2008,3.86
KOR,EDUPRIVEXP,PC_GDP,2009,4.312
KOR,EDUPRIVEXP,PC_GDP,2010,4.403
KOR,EDUPRIVEXP,PC_GDP,2011,4.357
KOR,EDUPRIVEXP,PC_GDP,2012,4.335
KOR,EDUPRIVEXP,PC_GDP,2013,4.166
KOR,EDUPRIVEXP,PC_GDP,2014,4.003
LUX,EDUPRIVEXP,PC_GDP,1995,
LUX,EDUPRIVEXP,PC_GDP,2000,
LUX,EDUPRIVEXP,PC_GDP,2005,
LUX,EDUPRIVEXP,PC_GDP,2008,3.056
LUX,EDUPRIVEXP,PC_GDP,2009,3.435
LUX,EDUPRIVEXP,PC_GDP,2010,3.498
LUX,EDUPRIVEXP,PC_GDP,2011,3.265
LUX,EDUPRIVEXP,PC_GDP,2012,3.318
LUX,EDUPRIVEXP,PC_GDP,2013,2.946
LUX,EDUPRIVEXP,PC_GDP,2014,3.079
MEX,EDUPRIVEXP,PC_GDP,1995,3.602
MEX,EDUPRIVEXP,PC_GDP,2000,3.423
MEX,EDUPRIVEXP,PC_GDP,2005,3.88
MEX,EDUPRIVEXP,PC_GDP,2008,3.648
MEX,EDUPRIVEXP,PC_GDP,2009,3.931
MEX,EDUPRIVEXP,PC_GDP,2010,3.923
MEX,EDUPRIVEXP,PC_GDP,2011,3.925
MEX,EDUPRIVEXP,PC_GDP,2012,3.868
MEX,EDUPRIVEXP,PC_GDP,2013,3.932
MEX,EDUPRIVEXP,PC_GDP,2014,3.928
NLD,EDUPRIVEXP,PC_GDP,1995,3.153
NLD,EDUPRIVEXP,PC_GDP,2000,3.16
NLD,EDUPRIVEXP,PC_GDP,2005,3.581
NLD,EDUPRIVEXP,PC_GDP,2008,3.452
NLD,EDUPRIVEXP,PC_GDP,2009,3.823
NLD,EDUPRIVEXP,PC_GDP,2010,3.82
NLD,EDUPRIVEXP,PC_GDP,2011,3.732
NLD,EDUPRIVEXP,PC_GDP,2012,3.758
NLD,EDUPRIVEXP,PC_GDP,2013,3.796
NLD,EDUPRIVEXP,PC_GDP,2014,3.645
NZL,EDUPRIVEXP,PC_GDP,1995,
NZL,EDUPRIVEXP,PC_GDP,2000,
NZL,EDUPRIVEXP,PC_GDP,2005,
NZL,EDUPRIVEXP,PC_GDP,2008,
NZL,EDUPRIVEXP,PC_GDP,2009,
NZL,EDUPRIVEXP,PC_GDP,2010,
NZL,EDUPRIVEXP,PC_GDP,2011,
NZL,EDUPRIVEXP,PC_GDP,2012,4.853
NZL,EDUPRIVEXP,PC_GDP,2013,4.616
NZL,EDUPRIVEXP,PC_GDP,2014,4.596
POL,EDUPRIVEXP,PC_GDP,1995,3.476
POL,EDUPRIVEXP,PC_GDP,2000,3.872
POL,EDUPRIVEXP,PC_GDP,2005,3.709
POL,EDUPRIVEXP,PC_GDP,2008,3.608
POL,EDUPRIVEXP,PC_GDP,2009,3.566
POL,EDUPRIVEXP,PC_GDP,2010,3.582
POL,EDUPRIVEXP,PC_GDP,2011,3.358
POL,EDUPRIVEXP,PC_GDP,2012,3.433
POL,EDUPRIVEXP,PC_GDP,2013,3.383
POL,EDUPRIVEXP,PC_GDP,2014,3.369
SVK,EDUPRIVEXP,PC_GDP,1995,3.006
SVK,EDUPRIVEXP,PC_GDP,2000,2.644
SVK,EDUPRIVEXP,PC_GDP,2005,2.809
SVK,EDUPRIVEXP,PC_GDP,2008,2.553
SVK,EDUPRIVEXP,PC_GDP,2009,3.017
SVK,EDUPRIVEXP,PC_GDP,2010,2.997
SVK,EDUPRIVEXP,PC_GDP,2011,2.715
SVK,EDUPRIVEXP,PC_GDP,2012,2.658
SVK,EDUPRIVEXP,PC_GDP,2013,2.732
SVK,EDUPRIVEXP,PC_GDP,2014,2.784
ESP,EDUPRIVEXP,PC_GDP,1995,3.739
ESP,EDUPRIVEXP,PC_GDP,2000,3.093
ESP,EDUPRIVEXP,PC_GDP,2005,2.835
ESP,EDUPRIVEXP,PC_GDP,2008,2.991
ESP,EDUPRIVEXP,PC_GDP,2009,3.226
ESP,EDUPRIVEXP,PC_GDP,2010,3.206
ESP,EDUPRIVEXP,PC_GDP,2011,3.161
ESP,EDUPRIVEXP,PC_GDP,2012,3.097
ESP,EDUPRIVEXP,PC_GDP,2013,3.051
ESP,EDUPRIVEXP,PC_GDP,2014,3.011
CHE,EDUPRIVEXP,PC_GDP,1995,3.583
CHE,EDUPRIVEXP,PC_GDP,2000,3.73
CHE,EDUPRIVEXP,PC_GDP,2005,
CHE,EDUPRIVEXP,PC_GDP,2008,
CHE,EDUPRIVEXP,PC_GDP,2009,
CHE,EDUPRIVEXP,PC_GDP,2010,
CHE,EDUPRIVEXP,PC_GDP,2011,
CHE,EDUPRIVEXP,PC_GDP,2012,3.851
CHE,EDUPRIVEXP,PC_GDP,2013,
CHE,EDUPRIVEXP,PC_GDP,2014,
USA,EDUPRIVEXP,PC_GDP,1995,3.501
USA,EDUPRIVEXP,PC_GDP,2000,3.563
USA,EDUPRIVEXP,PC_GDP,2005,3.827
USA,EDUPRIVEXP,PC_GDP,2008,3.937
USA,EDUPRIVEXP,PC_GDP,2009,3.938
USA,EDUPRIVEXP,PC_GDP,2010,3.944
USA,EDUPRIVEXP,PC_GDP,2011,3.816
USA,EDUPRIVEXP,PC_GDP,2012,3.669
USA,EDUPRIVEXP,PC_GDP,2013,3.57
USA,EDUPRIVEXP,PC_GDP,2014,3.55
CHL,EDUPRIVEXP,PC_GDP,1995,2.826
CHL,EDUPRIVEXP,PC_GDP,2000,4.237
CHL,EDUPRIVEXP,PC_GDP,2005,3.606
CHL,EDUPRIVEXP,PC_GDP,2008,3.632
CHL,EDUPRIVEXP,PC_GDP,2009,3.855
CHL,EDUPRIVEXP,PC_GDP,2010,3.411
CHL,EDUPRIVEXP,PC_GDP,2011,3.355
CHL,EDUPRIVEXP,PC_GDP,2012,3.766
CHL,EDUPRIVEXP,PC_GDP,2013,3.394
CHL,EDUPRIVEXP,PC_GDP,2014,3.137
CHL,EDUPRIVEXP,PC_GDP,2015,3.2
EST,EDUPRIVEXP,PC_GDP,1995,0
EST,EDUPRIVEXP,PC_GDP,2000,0
EST,EDUPRIVEXP,PC_GDP,2005,3.44
EST,EDUPRIVEXP,PC_GDP,2008,3.789
EST,EDUPRIVEXP,PC_GDP,2009,4.08
EST,EDUPRIVEXP,PC_GDP,2010,3.81
EST,EDUPRIVEXP,PC_GDP,2011,3.285
EST,EDUPRIVEXP,PC_GDP,2012,3.182
EST,EDUPRIVEXP,PC_GDP,2013,3.164
EST,EDUPRIVEXP,PC_GDP,2014,3.076
IDN,EDUPRIVEXP,PC_GDP,2005,
IDN,EDUPRIVEXP,PC_GDP,2008,
IDN,EDUPRIVEXP,PC_GDP,2009,
IDN,EDUPRIVEXP,PC_GDP,2010,
IDN,EDUPRIVEXP,PC_GDP,2011,
IDN,EDUPRIVEXP,PC_GDP,2012,2.776
IDN,EDUPRIVEXP,PC_GDP,2013,2.27
IDN,EDUPRIVEXP,PC_GDP,2014,
IDN,EDUPRIVEXP,PC_GDP,2015,2.739
ISR,EDUPRIVEXP,PC_GDP,1995,4.691
ISR,EDUPRIVEXP,PC_GDP,2000,4.224
ISR,EDUPRIVEXP,PC_GDP,2005,3.747
ISR,EDUPRIVEXP,PC_GDP,2008,3.932
ISR,EDUPRIVEXP,PC_GDP,2009,3.79
ISR,EDUPRIVEXP,PC_GDP,2010,3.968
ISR,EDUPRIVEXP,PC_GDP,2011,4.192
ISR,EDUPRIVEXP,PC_GDP,2012,4.296
ISR,EDUPRIVEXP,PC_GDP,2013,4.255
ISR,EDUPRIVEXP,PC_GDP,2014,4.308
RUS,EDUPRIVEXP,PC_GDP,1995,
RUS,EDUPRIVEXP,PC_GDP,2000,1.558
RUS,EDUPRIVEXP,PC_GDP,2005,1.763
RUS,EDUPRIVEXP,PC_GDP,2008,1.944
RUS,EDUPRIVEXP,PC_GDP,2009,2.217
RUS,EDUPRIVEXP,PC_GDP,2010,1.925
RUS,EDUPRIVEXP,PC_GDP,2011,1.918
RUS,EDUPRIVEXP,PC_GDP,2012,2.123
RUS,EDUPRIVEXP,PC_GDP,2013,2.183
RUS,EDUPRIVEXP,PC_GDP,2014,2.052
SVN,EDUPRIVEXP,PC_GDP,1995,
SVN,EDUPRIVEXP,PC_GDP,2000,
SVN,EDUPRIVEXP,PC_GDP,2005,4.052
SVN,EDUPRIVEXP,PC_GDP,2008,3.613
SVN,EDUPRIVEXP,PC_GDP,2009,3.87
SVN,EDUPRIVEXP,PC_GDP,2010,3.837
SVN,EDUPRIVEXP,PC_GDP,2011,3.732
SVN,EDUPRIVEXP,PC_GDP,2012,3.705
SVN,EDUPRIVEXP,PC_GDP,2013,3.661
SVN,EDUPRIVEXP,PC_GDP,2014,3.511
AUS,EDUPRIVEXP,PC_GDP,1995,
AUS,EDUPRIVEXP,PC_GDP,2000,5.088
AUS,EDUPRIVEXP,PC_GDP,2005,5.184
AUS,EDUPRIVEXP,PC_GDP,2008,5.209
AUS,EDUPRIVEXP,PC_GDP,2009,5.782
AUS,EDUPRIVEXP,PC_GDP,2010,5.934
AUS,EDUPRIVEXP,PC_GDP,2011,5.678
AUS,EDUPRIVEXP,PC_GDP,2012,5.566
AUS,EDUPRIVEXP,PC_GDP,2013,5.59
AUS,EDUPRIVEXP,PC_GDP,2014,5.772
AUT,EDUPRIVEXP,PC_GDP,1995,
AUT,EDUPRIVEXP,PC_GDP,2000,
AUT,EDUPRIVEXP,PC_GDP,2005,
AUT,EDUPRIVEXP,PC_GDP,2008,
AUT,EDUPRIVEXP,PC_GDP,2009,
AUT,EDUPRIVEXP,PC_GDP,2010,
AUT,EDUPRIVEXP,PC_GDP,2011,
AUT,EDUPRIVEXP,PC_GDP,2012,4.894
AUT,EDUPRIVEXP,PC_GDP,2013,4.969
AUT,EDUPRIVEXP,PC_GDP,2014,4.871
BEL,EDUPRIVEXP,PC_GDP,1995,
BEL,EDUPRIVEXP,PC_GDP,2000,
BEL,EDUPRIVEXP,PC_GDP,2005,5.277
BEL,EDUPRIVEXP,PC_GDP,2008,5.578
BEL,EDUPRIVEXP,PC_GDP,2009,5.689
BEL,EDUPRIVEXP,PC_GDP,2010,5.636
BEL,EDUPRIVEXP,PC_GDP,2011,5.601
BEL,EDUPRIVEXP,PC_GDP,2012,5.686
BEL,EDUPRIVEXP,PC_GDP,2013,5.779
BEL,EDUPRIVEXP,PC_GDP,2014,5.756
CAN,EDUPRIVEXP,PC_GDP,1995,6.297
CAN,EDUPRIVEXP,PC_GDP,2000,5.528
CAN,EDUPRIVEXP,PC_GDP,2005,5.915
CAN,EDUPRIVEXP,PC_GDP,2008,6.051
CAN,EDUPRIVEXP,PC_GDP,2009,6.366
CAN,EDUPRIVEXP,PC_GDP,2010,6.726
CAN,EDUPRIVEXP,PC_GDP,2011,6.335
CAN,EDUPRIVEXP,PC_GDP,2012,6.204
CAN,EDUPRIVEXP,PC_GDP,2013,6.246
CAN,EDUPRIVEXP,PC_GDP,2014,6.165
CZE,EDUPRIVEXP,PC_GDP,1995,4.061
CZE,EDUPRIVEXP,PC_GDP,2000,3.334
CZE,EDUPRIVEXP,PC_GDP,2005,3.725
CZE,EDUPRIVEXP,PC_GDP,2008,3.619
CZE,EDUPRIVEXP,PC_GDP,2009,3.965
CZE,EDUPRIVEXP,PC_GDP,2010,3.884
CZE,EDUPRIVEXP,PC_GDP,2011,4.075
CZE,EDUPRIVEXP,PC_GDP,2012,4.192
CZE,EDUPRIVEXP,PC_GDP,2013,4.023
CZE,EDUPRIVEXP,PC_GDP,2014,3.874
DNK,EDUPRIVEXP,PC_GDP,1995,5.509
DNK,EDUPRIVEXP,PC_GDP,2000,5.526
DNK,EDUPRIVEXP,PC_GDP,2005,6.014
DNK,EDUPRIVEXP,PC_GDP,2008,5.756
DNK,EDUPRIVEXP,PC_GDP,2009,6.449
DNK,EDUPRIVEXP,PC_GDP,2010,6.494
DNK,EDUPRIVEXP,PC_GDP,2011,6.1
DNK,EDUPRIVEXP,PC_GDP,2012,
DNK,EDUPRIVEXP,PC_GDP,2013,6.285
DNK,EDUPRIVEXP,PC_GDP,2014,6.501
FIN,EDUPRIVEXP,PC_GDP,1995,3.907
FIN,EDUPRIVEXP,PC_GDP,2000,3.473
FIN,EDUPRIVEXP,PC_GDP,2005,3.699
FIN,EDUPRIVEXP,PC_GDP,2008,3.603
FIN,EDUPRIVEXP,PC_GDP,2009,3.922
FIN,EDUPRIVEXP,PC_GDP,2010,3.961
FIN,EDUPRIVEXP,PC_GDP,2011,3.909
FIN,EDUPRIVEXP,PC_GDP,2012,3.941
FIN,EDUPRIVEXP,PC_GDP,2013,3.926
FIN,EDUPRIVEXP,PC_GDP,2014,3.944
FIN,EDUPRIVEXP,PC_GDP,1995,5.785
FIN,EDUPRIVEXP,PC_GDP,2000,5.121
FIN,EDUPRIVEXP,PC_GDP,2005,5.355
FIN,EDUPRIVEXP,PC_GDP,2008,5.219
FIN,EDUPRIVEXP,PC_GDP,2009,5.733
FIN,EDUPRIVEXP,PC_GDP,2010,5.802
FIN,EDUPRIVEXP,PC_GDP,2011,5.772
FIN,EDUPRIVEXP,PC_GDP,2012,5.789
FIN,EDUPRIVEXP,PC_GDP,2013,5.735
FIN,EDUPRIVEXP,PC_GDP,2014,5.719
FRA,EDUPRIVEXP,PC_GDP,1995,5.71
FRA,EDUPRIVEXP,PC_GDP,2000,5.47
FRA,EDUPRIVEXP,PC_GDP,2005,5.158
FRA,EDUPRIVEXP,PC_GDP,2008,5.231
FRA,EDUPRIVEXP,PC_GDP,2009,5.461
FRA,EDUPRIVEXP,PC_GDP,2010,5.407
FRA,EDUPRIVEXP,PC_GDP,2011,5.261
FRA,EDUPRIVEXP,PC_GDP,2012,5.234
FRA,EDUPRIVEXP,PC_GDP,2013,5.254
FRA,EDUPRIVEXP,PC_GDP,2014,5.28
DEU,EDUPRIVEXP,PC_GDP,1995,
DEU,EDUPRIVEXP,PC_GDP,2000,
DEU,EDUPRIVEXP,PC_GDP,2005,4.304
DEU,EDUPRIVEXP,PC_GDP,2008,4.16
DEU,EDUPRIVEXP,PC_GDP,2009,
DEU,EDUPRIVEXP,PC_GDP,2010,4.516
DEU,EDUPRIVEXP,PC_GDP,2011,4.395
DEU,EDUPRIVEXP,PC_GDP,2012,4.35
DEU,EDUPRIVEXP,PC_GDP,2013,4.319
DEU,EDUPRIVEXP,PC_GDP,2014,4.295
GRC,EDUPRIVEXP,PC_GDP,1995,0.575
GRC,EDUPRIVEXP,PC_GDP,2000,0.742
GRC,EDUPRIVEXP,PC_GDP,2005,1.459
GRC,EDUPRIVEXP,PC_GDP,2008,
GRC,EDUPRIVEXP,PC_GDP,2009,
GRC,EDUPRIVEXP,PC_GDP,2010,
GRC,EDUPRIVEXP,PC_GDP,2011,
GRC,EDUPRIVEXP,PC_GDP,2012,
GRC,EDUPRIVEXP,PC_GDP,2013,
GRC,EDUPRIVEXP,PC_GDP,2014,
GRC,EDUPRIVEXP,PC_GDP,1995,1.937
GRC,EDUPRIVEXP,PC_GDP,2000,2.56
GRC,EDUPRIVEXP,PC_GDP,2005,2.733
GRC,EDUPRIVEXP,PC_GDP,2008,
GRC,EDUPRIVEXP,PC_GDP,2009,
GRC,EDUPRIVEXP,PC_GDP,2010,
GRC,EDUPRIVEXP,PC_GDP,2011,
GRC,EDUPRIVEXP,PC_GDP,2012,
GRC,EDUPRIVEXP,PC_GDP,2013,
GRC,EDUPRIVEXP,PC_GDP,2014,
GRC,EDUPRIVEXP,PC_GDP,1995,2.513
GRC,EDUPRIVEXP,PC_GDP,2000,3.302
GRC,EDUPRIVEXP,PC_GDP,2005,4.192
GRC,EDUPRIVEXP,PC_GDP,2008,
GRC,EDUPRIVEXP,PC_GDP,2009,
GRC,EDUPRIVEXP,PC_GDP,2010,
GRC,EDUPRIVEXP,PC_GDP,2011,
GRC,EDUPRIVEXP,PC_GDP,2012,
GRC,EDUPRIVEXP,PC_GDP,2013,
GRC,EDUPRIVEXP,PC_GDP,2014,
HUN,EDUPRIVEXP,PC_GDP,1995,0.972
HUN,EDUPRIVEXP,PC_GDP,2000,1.104
HUN,EDUPRIVEXP,PC_GDP,2005,1.086
HUN,EDUPRIVEXP,PC_GDP,2008,
HUN,EDUPRIVEXP,PC_GDP,2009,
HUN,EDUPRIVEXP,PC_GDP,2010,
HUN,EDUPRIVEXP,PC_GDP,2011,
HUN,EDUPRIVEXP,PC_GDP,2012,1.245
HUN,EDUPRIVEXP,PC_GDP,2013,1.281
HUN,EDUPRIVEXP,PC_GDP,2014,0.946
HUN,EDUPRIVEXP,PC_GDP,1995,3.484
HUN,EDUPRIVEXP,PC_GDP,2000,2.937
HUN,EDUPRIVEXP,PC_GDP,2005,3.38
HUN,EDUPRIVEXP,PC_GDP,2008,
HUN,EDUPRIVEXP,PC_GDP,2009,
HUN,EDUPRIVEXP,PC_GDP,2010,
HUN,EDUPRIVEXP,PC_GDP,2011,
HUN,EDUPRIVEXP,PC_GDP,2012,2.596
HUN,EDUPRIVEXP,PC_GDP,2013,2.51
HUN,EDUPRIVEXP,PC_GDP,2014,2.836
HUN,EDUPRIVEXP,PC_GDP,1995,4.456
HUN,EDUPRIVEXP,PC_GDP,2000,4.041
HUN,EDUPRIVEXP,PC_GDP,2005,4.466
HUN,EDUPRIVEXP,PC_GDP,2008,
HUN,EDUPRIVEXP,PC_GDP,2009,
HUN,EDUPRIVEXP,PC_GDP,2010,
HUN,EDUPRIVEXP,PC_GDP,2011,
HUN,EDUPRIVEXP,PC_GDP,2012,3.841
HUN,EDUPRIVEXP,PC_GDP,2013,3.791
HUN,EDUPRIVEXP,PC_GDP,2014,3.781
ISL,EDUPRIVEXP,PC_GDP,1995,0
ISL,EDUPRIVEXP,PC_GDP,2000,5.677
ISL,EDUPRIVEXP,PC_GDP,2005,6.432
ISL,EDUPRIVEXP,PC_GDP,2008,6.024
ISL,EDUPRIVEXP,PC_GDP,2009,6.073
ISL,EDUPRIVEXP,PC_GDP,2010,5.839
ISL,EDUPRIVEXP,PC_GDP,2011,5.833
ISL,EDUPRIVEXP,PC_GDP,2012,5.958
ISL,EDUPRIVEXP,PC_GDP,2013,5.846
ISL,EDUPRIVEXP,PC_GDP,2014,5.957
IRL,EDUPRIVEXP,PC_GDP,1995,4.983
IRL,EDUPRIVEXP,PC_GDP,2000,4.264
IRL,EDUPRIVEXP,PC_GDP,2005,4.339
IRL,EDUPRIVEXP,PC_GDP,2008,5.326
IRL,EDUPRIVEXP,PC_GDP,2009,5.957
IRL,EDUPRIVEXP,PC_GDP,2010,5.935
IRL,EDUPRIVEXP,PC_GDP,2011,5.681
IRL,EDUPRIVEXP,PC_GDP,2012,5.676
IRL,EDUPRIVEXP,PC_GDP,2013,5.173
IRL,EDUPRIVEXP,PC_GDP,2014,4.817
ITA,EDUPRIVEXP,PC_GDP,1995,4.081
ITA,EDUPRIVEXP,PC_GDP,2000,3.863
ITA,EDUPRIVEXP,PC_GDP,2005,3.853
ITA,EDUPRIVEXP,PC_GDP,2008,3.991
ITA,EDUPRIVEXP,PC_GDP,2009,4.072
ITA,EDUPRIVEXP,PC_GDP,2010,3.915
ITA,EDUPRIVEXP,PC_GDP,2011,3.79
ITA,EDUPRIVEXP,PC_GDP,2012,3.921
ITA,EDUPRIVEXP,PC_GDP,2013,4.002
ITA,EDUPRIVEXP,PC_GDP,2014,3.974
JPN,EDUPRIVEXP,PC_GDP,1995,4.336
JPN,EDUPRIVEXP,PC_GDP,2000,4.38
JPN,EDUPRIVEXP,PC_GDP,2005,4.251
JPN,EDUPRIVEXP,PC_GDP,2008,4.398
JPN,EDUPRIVEXP,PC_GDP,2009,4.534
JPN,EDUPRIVEXP,PC_GDP,2010,4.478
JPN,EDUPRIVEXP,PC_GDP,2011,4.538
JPN,EDUPRIVEXP,PC_GDP,2012,4.491
JPN,EDUPRIVEXP,PC_GDP,2013,4.431
JPN,EDUPRIVEXP,PC_GDP,2014,4.45
KOR,EDUPRIVEXP,PC_GDP,1995,0
KOR,EDUPRIVEXP,PC_GDP,2000,5.434
KOR,EDUPRIVEXP,PC_GDP,2005,5.959
KOR,EDUPRIVEXP,PC_GDP,2008,6.234
KOR,EDUPRIVEXP,PC_GDP,2009,6.693
KOR,EDUPRIVEXP,PC_GDP,2010,6.808
KOR,EDUPRIVEXP,PC_GDP,2011,6.787
KOR,EDUPRIVEXP,PC_GDP,2012,6.679
KOR,EDUPRIVEXP,PC_GDP,2013,6.459
KOR,EDUPRIVEXP,PC_GDP,2014,6.26
LUX,EDUPRIVEXP,PC_GDP,1995,
LUX,EDUPRIVEXP,PC_GDP,2000,
LUX,EDUPRIVEXP,PC_GDP,2005,
LUX,EDUPRIVEXP,PC_GDP,2008,
LUX,EDUPRIVEXP,PC_GDP,2009,
LUX,EDUPRIVEXP,PC_GDP,2010,
LUX,EDUPRIVEXP,PC_GDP,2011,
LUX,EDUPRIVEXP,PC_GDP,2012,0.421
LUX,EDUPRIVEXP,PC_GDP,2013,0.528
LUX,EDUPRIVEXP,PC_GDP,2014,0.509
LUX,EDUPRIVEXP,PC_GDP,1995,
LUX,EDUPRIVEXP,PC_GDP,2000,
LUX,EDUPRIVEXP,PC_GDP,2005,
LUX,EDUPRIVEXP,PC_GDP,2008,3.056
LUX,EDUPRIVEXP,PC_GDP,2009,3.435
LUX,EDUPRIVEXP,PC_GDP,2010,3.498
LUX,EDUPRIVEXP,PC_GDP,2011,3.265
LUX,EDUPRIVEXP,PC_GDP,2012,3.739
LUX,EDUPRIVEXP,PC_GDP,2013,3.475
LUX,EDUPRIVEXP,PC_GDP,2014,3.588
MEX,EDUPRIVEXP,PC_GDP,1995,4.55
MEX,EDUPRIVEXP,PC_GDP,2000,4.363
MEX,EDUPRIVEXP,PC_GDP,2005,5.044
MEX,EDUPRIVEXP,PC_GDP,2008,4.86
MEX,EDUPRIVEXP,PC_GDP,2009,5.335
MEX,EDUPRIVEXP,PC_GDP,2010,5.283
MEX,EDUPRIVEXP,PC_GDP,2011,5.192
MEX,EDUPRIVEXP,PC_GDP,2012,5.191
MEX,EDUPRIVEXP,PC_GDP,2013,5.192
MEX,EDUPRIVEXP,PC_GDP,2014,5.364
NLD,EDUPRIVEXP,PC_GDP,1995,4.672
NLD,EDUPRIVEXP,PC_GDP,2000,4.48
NLD,EDUPRIVEXP,PC_GDP,2005,5.035
NLD,EDUPRIVEXP,PC_GDP,2008,4.9
NLD,EDUPRIVEXP,PC_GDP,2009,5.408
NLD,EDUPRIVEXP,PC_GDP,2010,5.439
NLD,EDUPRIVEXP,PC_GDP,2011,5.381
NLD,EDUPRIVEXP,PC_GDP,2012,5.443
NLD,EDUPRIVEXP,PC_GDP,2013,5.506
NLD,EDUPRIVEXP,PC_GDP,2014,5.376
NZL,EDUPRIVEXP,PC_GDP,1995,
NZL,EDUPRIVEXP,PC_GDP,2000,
NZL,EDUPRIVEXP,PC_GDP,2005,
NZL,EDUPRIVEXP,PC_GDP,2008,
NZL,EDUPRIVEXP,PC_GDP,2009,
NZL,EDUPRIVEXP,PC_GDP,2010,
NZL,EDUPRIVEXP,PC_GDP,2011,
NZL,EDUPRIVEXP,PC_GDP,2012,6.688
NZL,EDUPRIVEXP,PC_GDP,2013,6.361
NZL,EDUPRIVEXP,PC_GDP,2014,6.407
NOR,EDUPRIVEXP,PC_GDP,1995,4.23
NOR,EDUPRIVEXP,PC_GDP,2000,3.736
NOR,EDUPRIVEXP,PC_GDP,2005,4.894
NOR,EDUPRIVEXP,PC_GDP,2008,4.618
NOR,EDUPRIVEXP,PC_GDP,2009,4.993
NOR,EDUPRIVEXP,PC_GDP,2010,4.874
NOR,EDUPRIVEXP,PC_GDP,2011,4.741
NOR,EDUPRIVEXP,PC_GDP,2012,4.606
NOR,EDUPRIVEXP,PC_GDP,2013,4.694
NOR,EDUPRIVEXP,PC_GDP,2014,4.51
NOR,EDUPRIVEXP,PC_GDP,1995,5.887
NOR,EDUPRIVEXP,PC_GDP,2000,5.002
NOR,EDUPRIVEXP,PC_GDP,2005,
NOR,EDUPRIVEXP,PC_GDP,2008,6.174
NOR,EDUPRIVEXP,PC_GDP,2009,6.652
NOR,EDUPRIVEXP,PC_GDP,2010,6.501
NOR,EDUPRIVEXP,PC_GDP,2011,6.353
NOR,EDUPRIVEXP,PC_GDP,2012,6.186
NOR,EDUPRIVEXP,PC_GDP,2013,6.3
NOR,EDUPRIVEXP,PC_GDP,2014,6.183
POL,EDUPRIVEXP,PC_GDP,1995,4.273
POL,EDUPRIVEXP,PC_GDP,2000,4.927
POL,EDUPRIVEXP,PC_GDP,2005,5.279
POL,EDUPRIVEXP,PC_GDP,2008,4.815
POL,EDUPRIVEXP,PC_GDP,2009,5.064
POL,EDUPRIVEXP,PC_GDP,2010,5.046
POL,EDUPRIVEXP,PC_GDP,2011,4.649
POL,EDUPRIVEXP,PC_GDP,2012,4.751
POL,EDUPRIVEXP,PC_GDP,2013,4.749
POL,EDUPRIVEXP,PC_GDP,2014,4.655
PRT,EDUPRIVEXP,PC_GDP,1995,3.451
PRT,EDUPRIVEXP,PC_GDP,2000,3.712
PRT,EDUPRIVEXP,PC_GDP,2005,3.571
PRT,EDUPRIVEXP,PC_GDP,2008,3.269
PRT,EDUPRIVEXP,PC_GDP,2009,3.825
PRT,EDUPRIVEXP,PC_GDP,2010,3.735
PRT,EDUPRIVEXP,PC_GDP,2011,3.56
PRT,EDUPRIVEXP,PC_GDP,2012,4.507
PRT,EDUPRIVEXP,PC_GDP,2013,4.724
PRT,EDUPRIVEXP,PC_GDP,2014,4.463
PRT,EDUPRIVEXP,PC_GDP,1995,4.3
PRT,EDUPRIVEXP,PC_GDP,2000,4.656
PRT,EDUPRIVEXP,PC_GDP,2005,4.839
PRT,EDUPRIVEXP,PC_GDP,2008,4.563
PRT,EDUPRIVEXP,PC_GDP,2009,5.133
PRT,EDUPRIVEXP,PC_GDP,2010,5.128
PRT,EDUPRIVEXP,PC_GDP,2011,4.89
PRT,EDUPRIVEXP,PC_GDP,2012,5.85
PRT,EDUPRIVEXP,PC_GDP,2013,6.116
PRT,EDUPRIVEXP,PC_GDP,2014,5.819
SVK,EDUPRIVEXP,PC_GDP,1995,3.735
SVK,EDUPRIVEXP,PC_GDP,2000,3.409
SVK,EDUPRIVEXP,PC_GDP,2005,3.703
SVK,EDUPRIVEXP,PC_GDP,2008,3.423
SVK,EDUPRIVEXP,PC_GDP,2009,3.945
SVK,EDUPRIVEXP,PC_GDP,2010,3.903
SVK,EDUPRIVEXP,PC_GDP,2011,3.689
SVK,EDUPRIVEXP,PC_GDP,2012,3.687
SVK,EDUPRIVEXP,PC_GDP,2013,3.793
SVK,EDUPRIVEXP,PC_GDP,2014,3.86
ESP,EDUPRIVEXP,PC_GDP,1995,4.722
ESP,EDUPRIVEXP,PC_GDP,2000,4.212
ESP,EDUPRIVEXP,PC_GDP,2005,3.924
ESP,EDUPRIVEXP,PC_GDP,2008,4.178
ESP,EDUPRIVEXP,PC_GDP,2009,4.501
ESP,EDUPRIVEXP,PC_GDP,2010,4.514
ESP,EDUPRIVEXP,PC_GDP,2011,4.45
ESP,EDUPRIVEXP,PC_GDP,2012,4.356
ESP,EDUPRIVEXP,PC_GDP,2013,4.338
ESP,EDUPRIVEXP,PC_GDP,2014,4.276
SWE,EDUPRIVEXP,PC_GDP,1995,3.91
SWE,EDUPRIVEXP,PC_GDP,2000,4.019
SWE,EDUPRIVEXP,PC_GDP,2005,3.998
SWE,EDUPRIVEXP,PC_GDP,2008,3.825
SWE,EDUPRIVEXP,PC_GDP,2009,3.985
SWE,EDUPRIVEXP,PC_GDP,2010,3.777
SWE,EDUPRIVEXP,PC_GDP,2011,3.686
SWE,EDUPRIVEXP,PC_GDP,2012,3.708
SWE,EDUPRIVEXP,PC_GDP,2013,3.703
SWE,EDUPRIVEXP,PC_GDP,2014,3.68
SWE,EDUPRIVEXP,PC_GDP,1995,5.389
SWE,EDUPRIVEXP,PC_GDP,2000,5.543
SWE,EDUPRIVEXP,PC_GDP,2005,5.542
SWE,EDUPRIVEXP,PC_GDP,2008,5.329
SWE,EDUPRIVEXP,PC_GDP,2009,5.662
SWE,EDUPRIVEXP,PC_GDP,2010,5.443
SWE,EDUPRIVEXP,PC_GDP,2011,5.34
SWE,EDUPRIVEXP,PC_GDP,2012,5.394
SWE,EDUPRIVEXP,PC_GDP,2013,5.398
SWE,EDUPRIVEXP,PC_GDP,2014,5.372
CHE,EDUPRIVEXP,PC_GDP,1995,1.05
CHE,EDUPRIVEXP,PC_GDP,2000,1.051
CHE,EDUPRIVEXP,PC_GDP,2005,
CHE,EDUPRIVEXP,PC_GDP,2008,
CHE,EDUPRIVEXP,PC_GDP,2009,
CHE,EDUPRIVEXP,PC_GDP,2010,
CHE,EDUPRIVEXP,PC_GDP,2011,
CHE,EDUPRIVEXP,PC_GDP,2012,1.237
CHE,EDUPRIVEXP,PC_GDP,2013,
CHE,EDUPRIVEXP,PC_GDP,2014,
CHE,EDUPRIVEXP,PC_GDP,1995,4.633
CHE,EDUPRIVEXP,PC_GDP,2000,4.782
CHE,EDUPRIVEXP,PC_GDP,2005,
CHE,EDUPRIVEXP,PC_GDP,2008,
CHE,EDUPRIVEXP,PC_GDP,2009,
CHE,EDUPRIVEXP,PC_GDP,2010,
CHE,EDUPRIVEXP,PC_GDP,2011,
CHE,EDUPRIVEXP,PC_GDP,2012,5.088
CHE,EDUPRIVEXP,PC_GDP,2013,
CHE,EDUPRIVEXP,PC_GDP,2014,
TUR,EDUPRIVEXP,PC_GDP,1995,0.5
TUR,EDUPRIVEXP,PC_GDP,2000,0.755
TUR,EDUPRIVEXP,PC_GDP,2005,
TUR,EDUPRIVEXP,PC_GDP,2008,
TUR,EDUPRIVEXP,PC_GDP,2009,
TUR,EDUPRIVEXP,PC_GDP,2010,
TUR,EDUPRIVEXP,PC_GDP,2011,1.951
TUR,EDUPRIVEXP,PC_GDP,2012,1.778
TUR,EDUPRIVEXP,PC_GDP,2013,1.717
TUR,EDUPRIVEXP,PC_GDP,2014,1.751
TUR,EDUPRIVEXP,PC_GDP,1995,1.207
TUR,EDUPRIVEXP,PC_GDP,2000,1.73
TUR,EDUPRIVEXP,PC_GDP,2005,
TUR,EDUPRIVEXP,PC_GDP,2008,
TUR,EDUPRIVEXP,PC_GDP,2009,
TUR,EDUPRIVEXP,PC_GDP,2010,
TUR,EDUPRIVEXP,PC_GDP,2011,3.02
TUR,EDUPRIVEXP,PC_GDP,2012,3.149
TUR,EDUPRIVEXP,PC_GDP,2013,3.115
TUR,EDUPRIVEXP,PC_GDP,2014,3.181
TUR,EDUPRIVEXP,PC_GDP,1995,1.707
TUR,EDUPRIVEXP,PC_GDP,2000,2.485
TUR,EDUPRIVEXP,PC_GDP,2005,
TUR,EDUPRIVEXP,PC_GDP,2008,
TUR,EDUPRIVEXP,PC_GDP,2009,
TUR,EDUPRIVEXP,PC_GDP,2010,
TUR,EDUPRIVEXP,PC_GDP,2011,4.971
TUR,EDUPRIVEXP,PC_GDP,2012,4.927
TUR,EDUPRIVEXP,PC_GDP,2013,4.833
TUR,EDUPRIVEXP,PC_GDP,2014,4.932
GBR,EDUPRIVEXP,PC_GDP,1995,
GBR,EDUPRIVEXP,PC_GDP,2000,
GBR,EDUPRIVEXP,PC_GDP,2005,4.075
GBR,EDUPRIVEXP,PC_GDP,2008,3.84
GBR,EDUPRIVEXP,PC_GDP,2009,4.221
GBR,EDUPRIVEXP,PC_GDP,2010,4.332
GBR,EDUPRIVEXP,PC_GDP,2011,4.362
GBR,EDUPRIVEXP,PC_GDP,2012,4.439
GBR,EDUPRIVEXP,PC_GDP,2013,4.821
GBR,EDUPRIVEXP,PC_GDP,2014,4.84
GBR,EDUPRIVEXP,PC_GDP,1995,
GBR,EDUPRIVEXP,PC_GDP,2000,
GBR,EDUPRIVEXP,PC_GDP,2005,
GBR,EDUPRIVEXP,PC_GDP,2008,
GBR,EDUPRIVEXP,PC_GDP,2009,
GBR,EDUPRIVEXP,PC_GDP,2010,
GBR,EDUPRIVEXP,PC_GDP,2011,
GBR,EDUPRIVEXP,PC_GDP,2012,6.217
GBR,EDUPRIVEXP,PC_GDP,2013,6.655
GBR,EDUPRIVEXP,PC_GDP,2014,6.646
USA,EDUPRIVEXP,PC_GDP,1995,5.621
USA,EDUPRIVEXP,PC_GDP,2000,5.643
USA,EDUPRIVEXP,PC_GDP,2005,6.29
USA,EDUPRIVEXP,PC_GDP,2008,6.492
USA,EDUPRIVEXP,PC_GDP,2009,6.592
USA,EDUPRIVEXP,PC_GDP,2010,6.657
USA,EDUPRIVEXP,PC_GDP,2011,6.583
USA,EDUPRIVEXP,PC_GDP,2012,6.46
USA,EDUPRIVEXP,PC_GDP,2013,6.21
USA,EDUPRIVEXP,PC_GDP,2014,6.229
ARG,EDUPRIVEXP,PC_GDP,2005,
ARG,EDUPRIVEXP,PC_GDP,2008,
ARG,EDUPRIVEXP,PC_GDP,2009,
ARG,EDUPRIVEXP,PC_GDP,2010,
ARG,EDUPRIVEXP,PC_GDP,2011,
ARG,EDUPRIVEXP,PC_GDP,2012,
ARG,EDUPRIVEXP,PC_GDP,2013,1.161
ARG,EDUPRIVEXP,PC_GDP,2014,1.242
ARG,EDUPRIVEXP,PC_GDP,2005,
ARG,EDUPRIVEXP,PC_GDP,2008,
ARG,EDUPRIVEXP,PC_GDP,2009,
ARG,EDUPRIVEXP,PC_GDP,2010,
ARG,EDUPRIVEXP,PC_GDP,2011,
ARG,EDUPRIVEXP,PC_GDP,2012,4.177
ARG,EDUPRIVEXP,PC_GDP,2013,4.464
ARG,EDUPRIVEXP,PC_GDP,2014,4.373
ARG,EDUPRIVEXP,PC_GDP,2005,
ARG,EDUPRIVEXP,PC_GDP,2008,
ARG,EDUPRIVEXP,PC_GDP,2009,
ARG,EDUPRIVEXP,PC_GDP,2010,
ARG,EDUPRIVEXP,PC_GDP,2011,
ARG,EDUPRIVEXP,PC_GDP,2012,
ARG,EDUPRIVEXP,PC_GDP,2013,5.625
ARG,EDUPRIVEXP,PC_GDP,2014,5.615
BRA,EDUPRIVEXP,PC_GDP,1995,0.633
BRA,EDUPRIVEXP,PC_GDP,2000,0.673
BRA,EDUPRIVEXP,PC_GDP,2005,0.748
BRA,EDUPRIVEXP,PC_GDP,2008,0.759
BRA,EDUPRIVEXP,PC_GDP,2009,0.793
BRA,EDUPRIVEXP,PC_GDP,2010,0.856
BRA,EDUPRIVEXP,PC_GDP,2011,0.931
BRA,EDUPRIVEXP,PC_GDP,2012,0.866
BRA,EDUPRIVEXP,PC_GDP,2013,0.862
BRA,EDUPRIVEXP,PC_GDP,2014,0.838
BRA,EDUPRIVEXP,PC_GDP,1995,2.364
BRA,EDUPRIVEXP,PC_GDP,2000,2.4
BRA,EDUPRIVEXP,PC_GDP,2005,3.197
BRA,EDUPRIVEXP,PC_GDP,2008,3.958
BRA,EDUPRIVEXP,PC_GDP,2009,4.129
BRA,EDUPRIVEXP,PC_GDP,2010,4.201
BRA,EDUPRIVEXP,PC_GDP,2011,4.183
BRA,EDUPRIVEXP,PC_GDP,2012,4.175
BRA,EDUPRIVEXP,PC_GDP,2013,4.164
BRA,EDUPRIVEXP,PC_GDP,2014,4.086
BRA,EDUPRIVEXP,PC_GDP,1995,2.997
BRA,EDUPRIVEXP,PC_GDP,2000,3.074
BRA,EDUPRIVEXP,PC_GDP,2005,3.945
BRA,EDUPRIVEXP,PC_GDP,2008,4.717
BRA,EDUPRIVEXP,PC_GDP,2009,4.922
BRA,EDUPRIVEXP,PC_GDP,2010,5.058
BRA,EDUPRIVEXP,PC_GDP,2011,5.299
BRA,EDUPRIVEXP,PC_GDP,2012,5.041
BRA,EDUPRIVEXP,PC_GDP,2013,5.026
BRA,EDUPRIVEXP,PC_GDP,2014,4.924
CHL,EDUPRIVEXP,PC_GDP,1995,4.285
CHL,EDUPRIVEXP,PC_GDP,2000,6.196
CHL,EDUPRIVEXP,PC_GDP,2005,5.525
CHL,EDUPRIVEXP,PC_GDP,2008,5.496
CHL,EDUPRIVEXP,PC_GDP,2009,5.862
CHL,EDUPRIVEXP,PC_GDP,2010,5.703
CHL,EDUPRIVEXP,PC_GDP,2011,5.746
CHL,EDUPRIVEXP,PC_GDP,2012,6.233
CHL,EDUPRIVEXP,PC_GDP,2013,5.779
CHL,EDUPRIVEXP,PC_GDP,2014,5.48
CHL,EDUPRIVEXP,PC_GDP,2015,5.243
COL,EDUPRIVEXP,PC_GDP,2005,
COL,EDUPRIVEXP,PC_GDP,2008,
COL,EDUPRIVEXP,PC_GDP,2009,
COL,EDUPRIVEXP,PC_GDP,2010,
COL,EDUPRIVEXP,PC_GDP,2011,
COL,EDUPRIVEXP,PC_GDP,2012,
COL,EDUPRIVEXP,PC_GDP,2013,1.813
COL,EDUPRIVEXP,PC_GDP,2014,1.634
COL,EDUPRIVEXP,PC_GDP,2015,1.734
COL,EDUPRIVEXP,PC_GDP,2005,
COL,EDUPRIVEXP,PC_GDP,2008,
COL,EDUPRIVEXP,PC_GDP,2009,
COL,EDUPRIVEXP,PC_GDP,2010,
COL,EDUPRIVEXP,PC_GDP,2011,
COL,EDUPRIVEXP,PC_GDP,2012,
COL,EDUPRIVEXP,PC_GDP,2013,4.25
COL,EDUPRIVEXP,PC_GDP,2014,4.072
COL,EDUPRIVEXP,PC_GDP,2015,4.092
COL,EDUPRIVEXP,PC_GDP,2005,
COL,EDUPRIVEXP,PC_GDP,2008,
COL,EDUPRIVEXP,PC_GDP,2009,
COL,EDUPRIVEXP,PC_GDP,2010,
COL,EDUPRIVEXP,PC_GDP,2011,
COL,EDUPRIVEXP,PC_GDP,2012,
COL,EDUPRIVEXP,PC_GDP,2013,6.063
COL,EDUPRIVEXP,PC_GDP,2014,5.707
COL,EDUPRIVEXP,PC_GDP,2015,5.825
EST,EDUPRIVEXP,PC_GDP,1995,0
EST,EDUPRIVEXP,PC_GDP,2000,0
EST,EDUPRIVEXP,PC_GDP,2005,4.583
EST,EDUPRIVEXP,PC_GDP,2008,5.067
EST,EDUPRIVEXP,PC_GDP,2009,5.209
EST,EDUPRIVEXP,PC_GDP,2010,5.383
EST,EDUPRIVEXP,PC_GDP,2011,4.946
EST,EDUPRIVEXP,PC_GDP,2012,4.774
EST,EDUPRIVEXP,PC_GDP,2013,5.206
EST,EDUPRIVEXP,PC_GDP,2014,4.985
IND,EDUPRIVEXP,PC_GDP,2005,
IND,EDUPRIVEXP,PC_GDP,2008,
IND,EDUPRIVEXP,PC_GDP,2009,
IND,EDUPRIVEXP,PC_GDP,2010,
IND,EDUPRIVEXP,PC_GDP,2011,
IND,EDUPRIVEXP,PC_GDP,2012,
IND,EDUPRIVEXP,PC_GDP,2013,
IND,EDUPRIVEXP,PC_GDP,2014,
IND,EDUPRIVEXP,PC_GDP,2005,
IND,EDUPRIVEXP,PC_GDP,2008,
IND,EDUPRIVEXP,PC_GDP,2009,
IND,EDUPRIVEXP,PC_GDP,2010,
IND,EDUPRIVEXP,PC_GDP,2011,
IND,EDUPRIVEXP,PC_GDP,2012,
IND,EDUPRIVEXP,PC_GDP,2013,
IND,EDUPRIVEXP,PC_GDP,2014,
IND,EDUPRIVEXP,PC_GDP,2005,
IND,EDUPRIVEXP,PC_GDP,2008,
IND,EDUPRIVEXP,PC_GDP,2009,
IND,EDUPRIVEXP,PC_GDP,2010,
IND,EDUPRIVEXP,PC_GDP,2011,
IND,EDUPRIVEXP,PC_GDP,2012,
IND,EDUPRIVEXP,PC_GDP,2013,
IND,EDUPRIVEXP,PC_GDP,2014,
IDN,EDUPRIVEXP,PC_GDP,2005,
IDN,EDUPRIVEXP,PC_GDP,2008,
IDN,EDUPRIVEXP,PC_GDP,2009,
IDN,EDUPRIVEXP,PC_GDP,2010,
IDN,EDUPRIVEXP,PC_GDP,2011,
IDN,EDUPRIVEXP,PC_GDP,2012,3.613
IDN,EDUPRIVEXP,PC_GDP,2013,2.804
IDN,EDUPRIVEXP,PC_GDP,2014,
IDN,EDUPRIVEXP,PC_GDP,2015,3.414
ISR,EDUPRIVEXP,PC_GDP,1995,6.444
ISR,EDUPRIVEXP,PC_GDP,2000,5.873
ISR,EDUPRIVEXP,PC_GDP,2005,5.334
ISR,EDUPRIVEXP,PC_GDP,2008,5.458
ISR,EDUPRIVEXP,PC_GDP,2009,5.286
ISR,EDUPRIVEXP,PC_GDP,2010,5.513
ISR,EDUPRIVEXP,PC_GDP,2011,5.824
ISR,EDUPRIVEXP,PC_GDP,2012,5.74
ISR,EDUPRIVEXP,PC_GDP,2013,5.843
ISR,EDUPRIVEXP,PC_GDP,2014,5.842
LVA,EDUPRIVEXP,PC_GDP,1995,0.883
LVA,EDUPRIVEXP,PC_GDP,2000,1.228
LVA,EDUPRIVEXP,PC_GDP,2005,1.404
LVA,EDUPRIVEXP,PC_GDP,2008,1.444
LVA,EDUPRIVEXP,PC_GDP,2009,1.231
LVA,EDUPRIVEXP,PC_GDP,2010,1.366
LVA,EDUPRIVEXP,PC_GDP,2011,1.495
LVA,EDUPRIVEXP,PC_GDP,2012,1.372
LVA,EDUPRIVEXP,PC_GDP,2013,1.377
LVA,EDUPRIVEXP,PC_GDP,2014,1.405
LVA,EDUPRIVEXP,PC_GDP,1995,4.179
LVA,EDUPRIVEXP,PC_GDP,2000,3.853
LVA,EDUPRIVEXP,PC_GDP,2005,3.296
LVA,EDUPRIVEXP,PC_GDP,2008,3.617
LVA,EDUPRIVEXP,PC_GDP,2009,3.825
LVA,EDUPRIVEXP,PC_GDP,2010,3.377
LVA,EDUPRIVEXP,PC_GDP,2011,3.046
LVA,EDUPRIVEXP,PC_GDP,2012,2.852
LVA,EDUPRIVEXP,PC_GDP,2013,3.135
LVA,EDUPRIVEXP,PC_GDP,2014,3.313
LVA,EDUPRIVEXP,PC_GDP,1995,5.062
LVA,EDUPRIVEXP,PC_GDP,2000,5.081
LVA,EDUPRIVEXP,PC_GDP,2005,4.701
LVA,EDUPRIVEXP,PC_GDP,2008,5.062
LVA,EDUPRIVEXP,PC_GDP,2009,5.056
LVA,EDUPRIVEXP,PC_GDP,2010,4.743
LVA,EDUPRIVEXP,PC_GDP,2011,4.541
LVA,EDUPRIVEXP,PC_GDP,2012,4.224
LVA,EDUPRIVEXP,PC_GDP,2013,4.512
LVA,EDUPRIVEXP,PC_GDP,2014,4.717
RUS,EDUPRIVEXP,PC_GDP,1995,
RUS,EDUPRIVEXP,PC_GDP,2000,2.003
RUS,EDUPRIVEXP,PC_GDP,2005,2.507
RUS,EDUPRIVEXP,PC_GDP,2008,3.33
RUS,EDUPRIVEXP,PC_GDP,2009,3.923
RUS,EDUPRIVEXP,PC_GDP,2010,3.385
RUS,EDUPRIVEXP,PC_GDP,2011,3.221
RUS,EDUPRIVEXP,PC_GDP,2012,3.415
RUS,EDUPRIVEXP,PC_GDP,2013,3.496
RUS,EDUPRIVEXP,PC_GDP,2014,3.308
SVN,EDUPRIVEXP,PC_GDP,1995,
SVN,EDUPRIVEXP,PC_GDP,2000,
SVN,EDUPRIVEXP,PC_GDP,2005,5.314
SVN,EDUPRIVEXP,PC_GDP,2008,4.726
SVN,EDUPRIVEXP,PC_GDP,2009,5.143
SVN,EDUPRIVEXP,PC_GDP,2010,5.085
SVN,EDUPRIVEXP,PC_GDP,2011,5.024
SVN,EDUPRIVEXP,PC_GDP,2012,4.923
SVN,EDUPRIVEXP,PC_GDP,2013,4.827
SVN,EDUPRIVEXP,PC_GDP,2014,4.624
ZAF,EDUPRIVEXP,PC_GDP,2005,
ZAF,EDUPRIVEXP,PC_GDP,2008,
ZAF,EDUPRIVEXP,PC_GDP,2009,
ZAF,EDUPRIVEXP,PC_GDP,2010,
ZAF,EDUPRIVEXP,PC_GDP,2011,
ZAF,EDUPRIVEXP,PC_GDP,2012,
ZAF,EDUPRIVEXP,PC_GDP,2013,
ZAF,EDUPRIVEXP,PC_GDP,2014,
ZAF,EDUPRIVEXP,PC_GDP,2005,
ZAF,EDUPRIVEXP,PC_GDP,2008,
ZAF,EDUPRIVEXP,PC_GDP,2009,
ZAF,EDUPRIVEXP,PC_GDP,2010,
ZAF,EDUPRIVEXP,PC_GDP,2011,
ZAF,EDUPRIVEXP,PC_GDP,2013,
ZAF,EDUPRIVEXP,PC_GDP,2014,
ZAF,EDUPRIVEXP,PC_GDP,2005,
ZAF,EDUPRIVEXP,PC_GDP,2008,
ZAF,EDUPRIVEXP,PC_GDP,2009,
ZAF,EDUPRIVEXP,PC_GDP,2010,
ZAF,EDUPRIVEXP,PC_GDP,2011,
ZAF,EDUPRIVEXP,PC_GDP,2012,
ZAF,EDUPRIVEXP,PC_GDP,2013,
ZAF,EDUPRIVEXP,PC_GDP,2014,
CRI,EDUPRIVEXP,PC_GDP,2005,
CRI,EDUPRIVEXP,PC_GDP,2008,
CRI,EDUPRIVEXP,PC_GDP,2009,
CRI,EDUPRIVEXP,PC_GDP,2010,
CRI,EDUPRIVEXP,PC_GDP,2011,
CRI,EDUPRIVEXP,PC_GDP,2012,
CRI,EDUPRIVEXP,PC_GDP,2013,2.365
CRI,EDUPRIVEXP,PC_GDP,2014,
CRI,EDUPRIVEXP,PC_GDP,2015,
LTU,EDUPRIVEXP,PC_GDP,1995,
LTU,EDUPRIVEXP,PC_GDP,2000,
LTU,EDUPRIVEXP,PC_GDP,2005,1.343
LTU,EDUPRIVEXP,PC_GDP,2008,1.346
LTU,EDUPRIVEXP,PC_GDP,2009,1.515
LTU,EDUPRIVEXP,PC_GDP,2010,1.627
LTU,EDUPRIVEXP,PC_GDP,2011,1.823
LTU,EDUPRIVEXP,PC_GDP,2012,1.741
LTU,EDUPRIVEXP,PC_GDP,2013,1.679
LTU,EDUPRIVEXP,PC_GDP,2014,1.658
CRI,EDUPRIVEXP,PC_GDP,2005,
CRI,EDUPRIVEXP,PC_GDP,2008,
CRI,EDUPRIVEXP,PC_GDP,2009,
CRI,EDUPRIVEXP,PC_GDP,2010,
CRI,EDUPRIVEXP,PC_GDP,2011,
CRI,EDUPRIVEXP,PC_GDP,2012,
CRI,EDUPRIVEXP,PC_GDP,2013,5.641
CRI,EDUPRIVEXP,PC_GDP,2014,
CRI,EDUPRIVEXP,PC_GDP,2015,
CRI,EDUPRIVEXP,PC_GDP,2005,
CRI,EDUPRIVEXP,PC_GDP,2008,
CRI,EDUPRIVEXP,PC_GDP,2009,
CRI,EDUPRIVEXP,PC_GDP,2010,
CRI,EDUPRIVEXP,PC_GDP,2011,
CRI,EDUPRIVEXP,PC_GDP,2012,
CRI,EDUPRIVEXP,PC_GDP,2013,8.006
CRI,EDUPRIVEXP,PC_GDP,2014,
CRI,EDUPRIVEXP,PC_GDP,2015,
LTU,EDUPRIVEXP,PC_GDP,1995,
LTU,EDUPRIVEXP,PC_GDP,2000,
LTU,EDUPRIVEXP,PC_GDP,2005,
LTU,EDUPRIVEXP,PC_GDP,2008,
LTU,EDUPRIVEXP,PC_GDP,2009,
LTU,EDUPRIVEXP,PC_GDP,2010,3.365
LTU,EDUPRIVEXP,PC_GDP,2011,2.99
LTU,EDUPRIVEXP,PC_GDP,2012,2.787
LTU,EDUPRIVEXP,PC_GDP,2013,2.704
LTU,EDUPRIVEXP,PC_GDP,2014,2.579
LTU,EDUPRIVEXP,PC_GDP,1995,
LTU,EDUPRIVEXP,PC_GDP,2000,
LTU,EDUPRIVEXP,PC_GDP,2005,
LTU,EDUPRIVEXP,PC_GDP,2008,
LTU,EDUPRIVEXP,PC_GDP,2009,
LTU,EDUPRIVEXP,PC_GDP,2010,4.991
LTU,EDUPRIVEXP,PC_GDP,2011,4.812
LTU,EDUPRIVEXP,PC_GDP,2012,4.528
LTU,EDUPRIVEXP,PC_GDP,2013,4.383
LTU,EDUPRIVEXP,PC_GDP,2014,4.237
AUS,EDUPRIVEXP,PC_GDP,2012,0.43
AUS,EDUPRIVEXP,PC_GDP,2013,0.486
AUS,EDUPRIVEXP,PC_GDP,2014,0.524
AUS,EDUPRIVEXP,PC_GDP,2012,2.061
AUS,EDUPRIVEXP,PC_GDP,2013,2.033
AUS,EDUPRIVEXP,PC_GDP,2014,2.036
AUT,EDUPRIVEXP,PC_GDP,2012,0.593
AUT,EDUPRIVEXP,PC_GDP,2013,0.611
AUT,EDUPRIVEXP,PC_GDP,2014,0.633
AUT,EDUPRIVEXP,PC_GDP,2012,2.263
AUT,EDUPRIVEXP,PC_GDP,2013,2.29
AUT,EDUPRIVEXP,PC_GDP,2014,2.221
BEL,EDUPRIVEXP,PC_GDP,2012,
BEL,EDUPRIVEXP,PC_GDP,2013,
BEL,EDUPRIVEXP,PC_GDP,2014,
BEL,EDUPRIVEXP,PC_GDP,2012,2.762
BEL,EDUPRIVEXP,PC_GDP,2013,2.793
BEL,EDUPRIVEXP,PC_GDP,2014,2.761
CAN,EDUPRIVEXP,PC_GDP,2011,
CAN,EDUPRIVEXP,PC_GDP,2013,
CAN,EDUPRIVEXP,PC_GDP,2014,
CAN,EDUPRIVEXP,PC_GDP,2012,1.496
CAN,EDUPRIVEXP,PC_GDP,2013,1.493
CAN,EDUPRIVEXP,PC_GDP,2014,1.469
CZE,EDUPRIVEXP,PC_GDP,2012,0.51
CZE,EDUPRIVEXP,PC_GDP,2013,0.539
CZE,EDUPRIVEXP,PC_GDP,2014,0.545
CZE,EDUPRIVEXP,PC_GDP,2012,1.998
CZE,EDUPRIVEXP,PC_GDP,2013,1.923
CZE,EDUPRIVEXP,PC_GDP,2014,1.86
DNK,EDUPRIVEXP,PC_GDP,2012,1.35
DNK,EDUPRIVEXP,PC_GDP,2013,1.315
DNK,EDUPRIVEXP,PC_GDP,2014,1.261
DNK,EDUPRIVEXP,PC_GDP,2012,2.45
DNK,EDUPRIVEXP,PC_GDP,2013,2.421
DNK,EDUPRIVEXP,PC_GDP,2014,2.69
FIN,EDUPRIVEXP,PC_GDP,2012,1.328
FIN,EDUPRIVEXP,PC_GDP,2013,1.338
FIN,EDUPRIVEXP,PC_GDP,2014,1.373
FIN,EDUPRIVEXP,PC_GDP,1995,
FIN,EDUPRIVEXP,PC_GDP,2000,0.914
FIN,EDUPRIVEXP,PC_GDP,2005,0.962
FIN,EDUPRIVEXP,PC_GDP,2008,1.055
FIN,EDUPRIVEXP,PC_GDP,2009,1.16
FIN,EDUPRIVEXP,PC_GDP,2010,1.141
FIN,EDUPRIVEXP,PC_GDP,2011,1.166
FIN,EDUPRIVEXP,PC_GDP,2012,1.216
FIN,EDUPRIVEXP,PC_GDP,2013,1.246
FIN,EDUPRIVEXP,PC_GDP,2014,1.24
FIN,EDUPRIVEXP,PC_GDP,2012,2.613
FIN,EDUPRIVEXP,PC_GDP,2013,2.588
FIN,EDUPRIVEXP,PC_GDP,2014,2.571
FRA,EDUPRIVEXP,PC_GDP,2012,0.699
FRA,EDUPRIVEXP,PC_GDP,2013,0.745
FRA,EDUPRIVEXP,PC_GDP,2014,0.753
FRA,EDUPRIVEXP,PC_GDP,2012,2.597
FRA,EDUPRIVEXP,PC_GDP,2013,2.579
FRA,EDUPRIVEXP,PC_GDP,2014,2.587
DEU,EDUPRIVEXP,PC_GDP,2005,0.576
DEU,EDUPRIVEXP,PC_GDP,2008,0.602
DEU,EDUPRIVEXP,PC_GDP,2010,0.746
DEU,EDUPRIVEXP,PC_GDP,2011,0.749
DEU,EDUPRIVEXP,PC_GDP,2012,0.792
DEU,EDUPRIVEXP,PC_GDP,2013,0.845
DEU,EDUPRIVEXP,PC_GDP,2014,0.869
DEU,EDUPRIVEXP,PC_GDP,2012,2.25
DEU,EDUPRIVEXP,PC_GDP,2013,2.224
DEU,EDUPRIVEXP,PC_GDP,2014,2.205
GRC,EDUPRIVEXP,PC_GDP,2012,
GRC,EDUPRIVEXP,PC_GDP,2013,
GRC,EDUPRIVEXP,PC_GDP,2014,
GRC,EDUPRIVEXP,PC_GDP,2012,
GRC,EDUPRIVEXP,PC_GDP,2013,
GRC,EDUPRIVEXP,PC_GDP,2014,
GRC,EDUPRIVEXP,PC_GDP,2012,
GRC,EDUPRIVEXP,PC_GDP,2013,
GRC,EDUPRIVEXP,PC_GDP,2014,
HUN,EDUPRIVEXP,PC_GDP,1995,0.91
HUN,EDUPRIVEXP,PC_GDP,2000,0.85
HUN,EDUPRIVEXP,PC_GDP,2005,0.897
HUN,EDUPRIVEXP,PC_GDP,2008,
HUN,EDUPRIVEXP,PC_GDP,2009,
HUN,EDUPRIVEXP,PC_GDP,2010,
HUN,EDUPRIVEXP,PC_GDP,2011,
HUN,EDUPRIVEXP,PC_GDP,2012,0.751
HUN,EDUPRIVEXP,PC_GDP,2013,0.885
HUN,EDUPRIVEXP,PC_GDP,2014,0.593
HUN,EDUPRIVEXP,PC_GDP,1995,0.824
HUN,EDUPRIVEXP,PC_GDP,2000,0.79
HUN,EDUPRIVEXP,PC_GDP,2005,0.848
HUN,EDUPRIVEXP,PC_GDP,2008,
HUN,EDUPRIVEXP,PC_GDP,2009,
HUN,EDUPRIVEXP,PC_GDP,2010,
HUN,EDUPRIVEXP,PC_GDP,2011,
HUN,EDUPRIVEXP,PC_GDP,2012,
HUN,EDUPRIVEXP,PC_GDP,2013,
HUN,EDUPRIVEXP,PC_GDP,2014,0.863
HUN,EDUPRIVEXP,PC_GDP,2012,1.743
HUN,EDUPRIVEXP,PC_GDP,2013,1.514
HUN,EDUPRIVEXP,PC_GDP,2014,1.993
ISL,EDUPRIVEXP,PC_GDP,2012,1.695
ISL,EDUPRIVEXP,PC_GDP,2013,1.678
ISL,EDUPRIVEXP,PC_GDP,2014,1.78
ISL,EDUPRIVEXP,PC_GDP,2012,2.302
ISL,EDUPRIVEXP,PC_GDP,2013,2.252
ISL,EDUPRIVEXP,PC_GDP,2014,2.287
IRL,EDUPRIVEXP,PC_GDP,2012,
IRL,EDUPRIVEXP,PC_GDP,2013,0.108
IRL,EDUPRIVEXP,PC_GDP,2014,0.1
IRL,EDUPRIVEXP,PC_GDP,2012,1.827
IRL,EDUPRIVEXP,PC_GDP,2013,1.711
IRL,EDUPRIVEXP,PC_GDP,2014,1.578
ITA,EDUPRIVEXP,PC_GDP,2012,
ITA,EDUPRIVEXP,PC_GDP,2013,0.488
ITA,EDUPRIVEXP,PC_GDP,2014,0.531
ITA,EDUPRIVEXP,PC_GDP,2012,1.876
ITA,EDUPRIVEXP,PC_GDP,2013,1.896
ITA,EDUPRIVEXP,PC_GDP,2014,1.89
JPN,EDUPRIVEXP,PC_GDP,2012,0.233
JPN,EDUPRIVEXP,PC_GDP,2013,0.236
JPN,EDUPRIVEXP,PC_GDP,2014,0.239
JPN,EDUPRIVEXP,PC_GDP,2012,1.657
JPN,EDUPRIVEXP,PC_GDP,2013,1.616
JPN,EDUPRIVEXP,PC_GDP,2014,1.654
KOR,EDUPRIVEXP,PC_GDP,2005,
KOR,EDUPRIVEXP,PC_GDP,2008,
KOR,EDUPRIVEXP,PC_GDP,2009,
KOR,EDUPRIVEXP,PC_GDP,2010,
KOR,EDUPRIVEXP,PC_GDP,2011,
KOR,EDUPRIVEXP,PC_GDP,2012,
KOR,EDUPRIVEXP,PC_GDP,2013,
KOR,EDUPRIVEXP,PC_GDP,2014,
KOR,EDUPRIVEXP,PC_GDP,2012,2.528
KOR,EDUPRIVEXP,PC_GDP,2013,2.432
KOR,EDUPRIVEXP,PC_GDP,2014,2.326
LUX,EDUPRIVEXP,PC_GDP,2012,0.656
LUX,EDUPRIVEXP,PC_GDP,2013,0.561
LUX,EDUPRIVEXP,PC_GDP,2014,0.6
LUX,EDUPRIVEXP,PC_GDP,2012,1.868
LUX,EDUPRIVEXP,PC_GDP,2013,1.718
LUX,EDUPRIVEXP,PC_GDP,2014,1.77
MEX,EDUPRIVEXP,PC_GDP,2012,0.618
MEX,EDUPRIVEXP,PC_GDP,2013,0.645
MEX,EDUPRIVEXP,PC_GDP,2014,0.626
MEX,EDUPRIVEXP,PC_GDP,2012,1.872
MEX,EDUPRIVEXP,PC_GDP,2013,1.932
MEX,EDUPRIVEXP,PC_GDP,2014,1.968
NLD,EDUPRIVEXP,PC_GDP,1995,0.333
NLD,EDUPRIVEXP,PC_GDP,2000,0.33
NLD,EDUPRIVEXP,PC_GDP,2005,0.401
NLD,EDUPRIVEXP,PC_GDP,2008,0.361
NLD,EDUPRIVEXP,PC_GDP,2009,0.384
NLD,EDUPRIVEXP,PC_GDP,2010,0.393
NLD,EDUPRIVEXP,PC_GDP,2011,0.414
NLD,EDUPRIVEXP,PC_GDP,2012,0.413
NLD,EDUPRIVEXP,PC_GDP,2013,0.422
NLD,EDUPRIVEXP,PC_GDP,2014,0.405
NLD,EDUPRIVEXP,PC_GDP,2012,2.448
NLD,EDUPRIVEXP,PC_GDP,2013,2.475
NLD,EDUPRIVEXP,PC_GDP,2014,2.396
NZL,EDUPRIVEXP,PC_GDP,2012,0.93
NZL,EDUPRIVEXP,PC_GDP,2013,0.9
NZL,EDUPRIVEXP,PC_GDP,2014,0.937
NZL,EDUPRIVEXP,PC_GDP,2012,2.961
NZL,EDUPRIVEXP,PC_GDP,2013,2.836
NZL,EDUPRIVEXP,PC_GDP,2014,2.8
NOR,EDUPRIVEXP,PC_GDP,2012,2.098
NOR,EDUPRIVEXP,PC_GDP,2013,2.123
NOR,EDUPRIVEXP,PC_GDP,2014,2.061
NOR,EDUPRIVEXP,PC_GDP,2012,2.085
NOR,EDUPRIVEXP,PC_GDP,2013,2.099
NOR,EDUPRIVEXP,PC_GDP,2014,2.111
NOR,EDUPRIVEXP,PC_GDP,2012,0.987
NOR,EDUPRIVEXP,PC_GDP,2013,0.999
NOR,EDUPRIVEXP,PC_GDP,2014,2.424
POL,EDUPRIVEXP,PC_GDP,2012,0.728
POL,EDUPRIVEXP,PC_GDP,2013,0.77
POL,EDUPRIVEXP,PC_GDP,2014,0.782
POL,EDUPRIVEXP,PC_GDP,2012,1.77
POL,EDUPRIVEXP,PC_GDP,2013,1.73
POL,EDUPRIVEXP,PC_GDP,2014,1.675
PRT,EDUPRIVEXP,PC_GDP,2012,1.643
PRT,EDUPRIVEXP,PC_GDP,2013,1.825
PRT,EDUPRIVEXP,PC_GDP,2014,1.765
PRT,EDUPRIVEXP,PC_GDP,2012,0.631
PRT,EDUPRIVEXP,PC_GDP,2013,0.64
PRT,EDUPRIVEXP,PC_GDP,2014,0.646
PRT,EDUPRIVEXP,PC_GDP,2012,2.864
PRT,EDUPRIVEXP,PC_GDP,2013,2.899
PRT,EDUPRIVEXP,PC_GDP,2014,2.698
SVK,EDUPRIVEXP,PC_GDP,2012,0.499
SVK,EDUPRIVEXP,PC_GDP,2013,0.513
SVK,EDUPRIVEXP,PC_GDP,2014,0.557
SVK,EDUPRIVEXP,PC_GDP,2012,1.828
SVK,EDUPRIVEXP,PC_GDP,2013,1.813
SVK,EDUPRIVEXP,PC_GDP,2014,1.861
ESP,EDUPRIVEXP,PC_GDP,2012,0.894
ESP,EDUPRIVEXP,PC_GDP,2013,0.824
ESP,EDUPRIVEXP,PC_GDP,2014,0.806
ESP,EDUPRIVEXP,PC_GDP,2012,1.769
ESP,EDUPRIVEXP,PC_GDP,2013,1.725
ESP,EDUPRIVEXP,PC_GDP,2014,1.693
SWE,EDUPRIVEXP,PC_GDP,2012,1.683
SWE,EDUPRIVEXP,PC_GDP,2013,1.727
SWE,EDUPRIVEXP,PC_GDP,2014,1.75
SWE,EDUPRIVEXP,PC_GDP,2012,1.785
SWE,EDUPRIVEXP,PC_GDP,2013,1.947
SWE,EDUPRIVEXP,PC_GDP,2014,1.948
SWE,EDUPRIVEXP,PC_GDP,2012,2.005
SWE,EDUPRIVEXP,PC_GDP,2013,1.954
SWE,EDUPRIVEXP,PC_GDP,2014,1.909
CHE,EDUPRIVEXP,PC_GDP,2005,
CHE,EDUPRIVEXP,PC_GDP,2008,
CHE,EDUPRIVEXP,PC_GDP,2009,
CHE,EDUPRIVEXP,PC_GDP,2010,
CHE,EDUPRIVEXP,PC_GDP,2011,
CHE,EDUPRIVEXP,PC_GDP,2012,0.181
CHE,EDUPRIVEXP,PC_GDP,2013,
CHE,EDUPRIVEXP,PC_GDP,2014,
CHE,EDUPRIVEXP,PC_GDP,2012,1.039
CHE,EDUPRIVEXP,PC_GDP,2013,
CHE,EDUPRIVEXP,PC_GDP,2014,
TUR,EDUPRIVEXP,PC_GDP,2011,1.164
TUR,EDUPRIVEXP,PC_GDP,2012,1.129
TUR,EDUPRIVEXP,PC_GDP,2013,1.119
TUR,EDUPRIVEXP,PC_GDP,2014,1.207
TUR,EDUPRIVEXP,PC_GDP,2011,0.255
TUR,EDUPRIVEXP,PC_GDP,2012,0.211
TUR,EDUPRIVEXP,PC_GDP,2013,0.195
TUR,EDUPRIVEXP,PC_GDP,2014,0.195
TUR,EDUPRIVEXP,PC_GDP,2012,2.02
TUR,EDUPRIVEXP,PC_GDP,2013,1.997
TUR,EDUPRIVEXP,PC_GDP,2014,1.973
GBR,EDUPRIVEXP,PC_GDP,2012,1.917
GBR,EDUPRIVEXP,PC_GDP,2013,1.907
GBR,EDUPRIVEXP,PC_GDP,2014,2.04
GBR,EDUPRIVEXP,PC_GDP,2012,0.55
GBR,EDUPRIVEXP,PC_GDP,2013,0.499
GBR,EDUPRIVEXP,PC_GDP,2014,0.484
GBR,EDUPRIVEXP,PC_GDP,2012,2.523
GBR,EDUPRIVEXP,PC_GDP,2013,2.914
GBR,EDUPRIVEXP,PC_GDP,2014,2.801
USA,EDUPRIVEXP,PC_GDP,2012,
USA,EDUPRIVEXP,PC_GDP,2013,
USA,EDUPRIVEXP,PC_GDP,2014,
USA,EDUPRIVEXP,PC_GDP,2012,1.942
USA,EDUPRIVEXP,PC_GDP,2013,1.888
USA,EDUPRIVEXP,PC_GDP,2014,1.867
ARG,EDUPRIVEXP,PC_GDP,2005,
ARG,EDUPRIVEXP,PC_GDP,2008,
ARG,EDUPRIVEXP,PC_GDP,2009,
ARG,EDUPRIVEXP,PC_GDP,2010,
ARG,EDUPRIVEXP,PC_GDP,2011,
ARG,EDUPRIVEXP,PC_GDP,2012,1.83
ARG,EDUPRIVEXP,PC_GDP,2013,1.915
ARG,EDUPRIVEXP,PC_GDP,2014,1.878
ARG,EDUPRIVEXP,PC_GDP,2005,
ARG,EDUPRIVEXP,PC_GDP,2008,
ARG,EDUPRIVEXP,PC_GDP,2009,
ARG,EDUPRIVEXP,PC_GDP,2010,
ARG,EDUPRIVEXP,PC_GDP,2011,
ARG,EDUPRIVEXP,PC_GDP,2012,0.54
ARG,EDUPRIVEXP,PC_GDP,2013,0.57
ARG,EDUPRIVEXP,PC_GDP,2014,0.55
ARG,EDUPRIVEXP,PC_GDP,2012,2.347
ARG,EDUPRIVEXP,PC_GDP,2013,2.549
ARG,EDUPRIVEXP,PC_GDP,2014,2.495
BRA,EDUPRIVEXP,PC_GDP,2005,14.991
BRA,EDUPRIVEXP,PC_GDP,2008,1.66
BRA,EDUPRIVEXP,PC_GDP,2009,1.744
BRA,EDUPRIVEXP,PC_GDP,2010,1.739
BRA,EDUPRIVEXP,PC_GDP,2011,1.655
BRA,EDUPRIVEXP,PC_GDP,2012,1.652
BRA,EDUPRIVEXP,PC_GDP,2013,1.623
BRA,EDUPRIVEXP,PC_GDP,2014,1.598
BRA,EDUPRIVEXP,PC_GDP,2005,0.364
BRA,EDUPRIVEXP,PC_GDP,2008,0.397
BRA,EDUPRIVEXP,PC_GDP,2009,0.379
BRA,EDUPRIVEXP,PC_GDP,2010,0.423
BRA,EDUPRIVEXP,PC_GDP,2011,0.488
BRA,EDUPRIVEXP,PC_GDP,2012,0.564
BRA,EDUPRIVEXP,PC_GDP,2013,0.609
BRA,EDUPRIVEXP,PC_GDP,2014,0.635
BRA,EDUPRIVEXP,PC_GDP,2012,2.523
BRA,EDUPRIVEXP,PC_GDP,2013,2.54
BRA,EDUPRIVEXP,PC_GDP,2014,2.489
CHL,EDUPRIVEXP,PC_GDP,2005,
CHL,EDUPRIVEXP,PC_GDP,2008,
CHL,EDUPRIVEXP,PC_GDP,2009,
CHL,EDUPRIVEXP,PC_GDP,2010,
CHL,EDUPRIVEXP,PC_GDP,2011,
CHL,EDUPRIVEXP,PC_GDP,2012,
CHL,EDUPRIVEXP,PC_GDP,2013,0.859
CHL,EDUPRIVEXP,PC_GDP,2014,1.257
CHL,EDUPRIVEXP,PC_GDP,2015,1.14
CHL,EDUPRIVEXP,PC_GDP,2012,1.91
CHL,EDUPRIVEXP,PC_GDP,2013,1.711
CHL,EDUPRIVEXP,PC_GDP,2014,1.634
CHL,EDUPRIVEXP,PC_GDP,2015,1.665
COL,EDUPRIVEXP,PC_GDP,2005,
COL,EDUPRIVEXP,PC_GDP,2008,
COL,EDUPRIVEXP,PC_GDP,2009,
COL,EDUPRIVEXP,PC_GDP,2010,
COL,EDUPRIVEXP,PC_GDP,2011,
COL,EDUPRIVEXP,PC_GDP,2012,
COL,EDUPRIVEXP,PC_GDP,2013,2.065
COL,EDUPRIVEXP,PC_GDP,2014,1.964
COL,EDUPRIVEXP,PC_GDP,2015,2.094
COL,EDUPRIVEXP,PC_GDP,2005,
COL,EDUPRIVEXP,PC_GDP,2008,
COL,EDUPRIVEXP,PC_GDP,2009,
COL,EDUPRIVEXP,PC_GDP,2010,
COL,EDUPRIVEXP,PC_GDP,2011,
COL,EDUPRIVEXP,PC_GDP,2012,
COL,EDUPRIVEXP,PC_GDP,2013,0.488
COL,EDUPRIVEXP,PC_GDP,2014,0.466
COL,EDUPRIVEXP,PC_GDP,2015,0.506
COL,EDUPRIVEXP,PC_GDP,2012,
COL,EDUPRIVEXP,PC_GDP,2013,2.185
COL,EDUPRIVEXP,PC_GDP,2014,2.108
COL,EDUPRIVEXP,PC_GDP,2015,1.997
CRI,EDUPRIVEXP,PC_GDP,2005,
CRI,EDUPRIVEXP,PC_GDP,2008,
CRI,EDUPRIVEXP,PC_GDP,2009,
CRI,EDUPRIVEXP,PC_GDP,2010,
CRI,EDUPRIVEXP,PC_GDP,2011,
CRI,EDUPRIVEXP,PC_GDP,2012,
CRI,EDUPRIVEXP,PC_GDP,2013,2.964
CRI,EDUPRIVEXP,PC_GDP,2014,
CRI,EDUPRIVEXP,PC_GDP,2015,
CRI,EDUPRIVEXP,PC_GDP,2005,
CRI,EDUPRIVEXP,PC_GDP,2008,
CRI,EDUPRIVEXP,PC_GDP,2009,
CRI,EDUPRIVEXP,PC_GDP,2010,
CRI,EDUPRIVEXP,PC_GDP,2011,
CRI,EDUPRIVEXP,PC_GDP,2012,
CRI,EDUPRIVEXP,PC_GDP,2013,0.735
CRI,EDUPRIVEXP,PC_GDP,2014,
CRI,EDUPRIVEXP,PC_GDP,2015,
CRI,EDUPRIVEXP,PC_GDP,2012,
CRI,EDUPRIVEXP,PC_GDP,2013,2.677
CRI,EDUPRIVEXP,PC_GDP,2014,
CRI,EDUPRIVEXP,PC_GDP,2015,
EST,EDUPRIVEXP,PC_GDP,2012,0.437
EST,EDUPRIVEXP,PC_GDP,2013,0.375
EST,EDUPRIVEXP,PC_GDP,2014,1.128
EST,EDUPRIVEXP,PC_GDP,2012,1.679
EST,EDUPRIVEXP,PC_GDP,2013,1.437
EST,EDUPRIVEXP,PC_GDP,2014,1.45
IND,EDUPRIVEXP,PC_GDP,2005,
IND,EDUPRIVEXP,PC_GDP,2008,
IND,EDUPRIVEXP,PC_GDP,2009,
IND,EDUPRIVEXP,PC_GDP,2010,
IND,EDUPRIVEXP,PC_GDP,2011,
IND,EDUPRIVEXP,PC_GDP,2012,
IND,EDUPRIVEXP,PC_GDP,2013,
IND,EDUPRIVEXP,PC_GDP,2014,
IND,EDUPRIVEXP,PC_GDP,2005,
IND,EDUPRIVEXP,PC_GDP,2008,
IND,EDUPRIVEXP,PC_GDP,2009,
IND,EDUPRIVEXP,PC_GDP,2010,
IND,EDUPRIVEXP,PC_GDP,2011,
IND,EDUPRIVEXP,PC_GDP,2012,
IND,EDUPRIVEXP,PC_GDP,2013,
IND,EDUPRIVEXP,PC_GDP,2014,
IND,EDUPRIVEXP,PC_GDP,2012,
IND,EDUPRIVEXP,PC_GDP,2013,
IND,EDUPRIVEXP,PC_GDP,2014,
IDN,EDUPRIVEXP,PC_GDP,2012,
IDN,EDUPRIVEXP,PC_GDP,2013,
IDN,EDUPRIVEXP,PC_GDP,2014,
IDN,EDUPRIVEXP,PC_GDP,2015,0.073
IDN,EDUPRIVEXP,PC_GDP,2012,1.145
IDN,EDUPRIVEXP,PC_GDP,2013,0.857
IDN,EDUPRIVEXP,PC_GDP,2014,
IDN,EDUPRIVEXP,PC_GDP,2015,1.168
ISR,EDUPRIVEXP,PC_GDP,1995,0.775
ISR,EDUPRIVEXP,PC_GDP,2000,0.702
ISR,EDUPRIVEXP,PC_GDP,2005,0.734
ISR,EDUPRIVEXP,PC_GDP,2008,0.791
ISR,EDUPRIVEXP,PC_GDP,2009,0.813
ISR,EDUPRIVEXP,PC_GDP,2010,0.781
ISR,EDUPRIVEXP,PC_GDP,2011,0.698
ISR,EDUPRIVEXP,PC_GDP,2012,
ISR,EDUPRIVEXP,PC_GDP,2013,1.013
ISR,EDUPRIVEXP,PC_GDP,2014,1.052
ISR,EDUPRIVEXP,PC_GDP,2012,2.02
ISR,EDUPRIVEXP,PC_GDP,2013,1.978
ISR,EDUPRIVEXP,PC_GDP,2014,2.032
LVA,EDUPRIVEXP,PC_GDP,2005,0.764
LVA,EDUPRIVEXP,PC_GDP,2008,1.459
LVA,EDUPRIVEXP,PC_GDP,2009,1.601
LVA,EDUPRIVEXP,PC_GDP,2010,1.469
LVA,EDUPRIVEXP,PC_GDP,2011,1.376
LVA,EDUPRIVEXP,PC_GDP,2012,1.324
LVA,EDUPRIVEXP,PC_GDP,2013,1.508
LVA,EDUPRIVEXP,PC_GDP,2014,1.606
LVA,EDUPRIVEXP,PC_GDP,1995,0.421
LVA,EDUPRIVEXP,PC_GDP,2000,0.644
LVA,EDUPRIVEXP,PC_GDP,2005,0.607
LVA,EDUPRIVEXP,PC_GDP,2008,0.812
LVA,EDUPRIVEXP,PC_GDP,2009,0.975
LVA,EDUPRIVEXP,PC_GDP,2010,0.873
LVA,EDUPRIVEXP,PC_GDP,2011,0.828
LVA,EDUPRIVEXP,PC_GDP,2012,0.808
LVA,EDUPRIVEXP,PC_GDP,2013,0.841
LVA,EDUPRIVEXP,PC_GDP,2014,0.872
LVA,EDUPRIVEXP,PC_GDP,2012,1.486
LVA,EDUPRIVEXP,PC_GDP,2013,1.578
LVA,EDUPRIVEXP,PC_GDP,2014,1.64
LTU,EDUPRIVEXP,PC_GDP,1995,
LTU,EDUPRIVEXP,PC_GDP,2000,
LTU,EDUPRIVEXP,PC_GDP,2005,
LTU,EDUPRIVEXP,PC_GDP,2008,
LTU,EDUPRIVEXP,PC_GDP,2009,
LTU,EDUPRIVEXP,PC_GDP,2010,0.888
LTU,EDUPRIVEXP,PC_GDP,2011,0.787
LTU,EDUPRIVEXP,PC_GDP,2012,0.735
LTU,EDUPRIVEXP,PC_GDP,2013,0.712
LTU,EDUPRIVEXP,PC_GDP,2014,0.691
LTU,EDUPRIVEXP,PC_GDP,1995,
LTU,EDUPRIVEXP,PC_GDP,2000,
LTU,EDUPRIVEXP,PC_GDP,2005,
LTU,EDUPRIVEXP,PC_GDP,2008,0.584
LTU,EDUPRIVEXP,PC_GDP,2009,0.824
LTU,EDUPRIVEXP,PC_GDP,2010,0.785
LTU,EDUPRIVEXP,PC_GDP,2011,0.796
LTU,EDUPRIVEXP,PC_GDP,2012,0.728
LTU,EDUPRIVEXP,PC_GDP,2013,0.736
LTU,EDUPRIVEXP,PC_GDP,2014,0.755
LTU,EDUPRIVEXP,PC_GDP,2012,1.908
LTU,EDUPRIVEXP,PC_GDP,2013,1.804
LTU,EDUPRIVEXP,PC_GDP,2014,1.72
RUS,EDUPRIVEXP,PC_GDP,2012,0.788
RUS,EDUPRIVEXP,PC_GDP,2013,1.023
RUS,EDUPRIVEXP,PC_GDP,2014,1.007
RUS,EDUPRIVEXP,PC_GDP,2012,2.123
RUS,EDUPRIVEXP,PC_GDP,2013,2.183
RUS,EDUPRIVEXP,PC_GDP,2014,2.052
SVN,EDUPRIVEXP,PC_GDP,2012,1.26
SVN,EDUPRIVEXP,PC_GDP,2013,1.275
SVN,EDUPRIVEXP,PC_GDP,2014,1.285
SVN,EDUPRIVEXP,PC_GDP,2012,0.925
SVN,EDUPRIVEXP,PC_GDP,2013,1.978
SVN,EDUPRIVEXP,PC_GDP,2014,1.856
ZAF,EDUPRIVEXP,PC_GDP,2013,
ZAF,EDUPRIVEXP,PC_GDP,2014,
ZAF,EDUPRIVEXP,PC_GDP,2013,
ZAF,EDUPRIVEXP,PC_GDP,2014,
ZAF,EDUPRIVEXP,PC_GDP,2013,
ZAF,EDUPRIVEXP,PC_GDP,2014,
