Entity,Code,Year,Share of education in government expenditure (World Bank (2015)) (% Total Expenditure)
Afghanistan,AFG,2010,22.24014
Afghanistan,AFG,2011,19.10585
Afghanistan,AFG,2012,12.82317
Afghanistan,AFG,2013,18.4612
Afghanistan,AFG,2014,18.39787
Albania,ALB,1997,11.15339
Albania,ALB,1998,9.62407
Albania,ALB,1999,9.68246
Albania,ALB,2000,10.13703
Albania,ALB,2001,10.58193
Albania,ALB,2002,9.88692
Albania,ALB,2003,10.5736
Albania,ALB,2004,10.70316
Albania,ALB,2005,11.35797
Albania,ALB,2006,10.93295
Albania,ALB,2007,11.17719
Albania,ALB,2013,12.12391
Algeria,DZA,2008,11.42941
Angola,AGO,1998,6.11468
Angola,AGO,2000,5.25508
Angola,AGO,2005,7.99235
Angola,AGO,2006,7.45481
Angola,AGO,2010,8.68476
Antigua and Barbuda,ATG,1999,12.52143
Antigua and Barbuda,ATG,2002,8.85597
Antigua and Barbuda,ATG,2009,6.91662
Argentina,ARG,1998,15.62227
Argentina,ARG,1999,15.88009
Argentina,ARG,2000,16.22696
Argentina,ARG,2001,16.35761
Argentina,ARG,2002,16.44329
Argentina,ARG,2003,14.36279
Argentina,ARG,2004,15.1602
Argentina,ARG,2005,15.80628
Argentina,ARG,2006,16.35148
Argentina,ARG,2007,15.82749
Argentina,ARG,2008,16.62552
Argentina,ARG,2009,16.6149
Argentina,ARG,2010,15.57046
Argentina,ARG,2011,15.72955
Argentina,ARG,2012,15.06353
Argentina,ARG,2013,15.09043
Armenia,ARM,2005,13.64809
Armenia,ARM,2006,13.57852
Armenia,ARM,2007,13.46559
Armenia,ARM,2008,14.26845
Armenia,ARM,2009,13.45122
Armenia,ARM,2010,12.40051
Armenia,ARM,2011,12.59334
Armenia,ARM,2012,13.70187
Armenia,ARM,2013,11.13677
Armenia,ARM,2014,9.36714
Aruba,ABW,1998,22.08239
Aruba,ABW,1999,19.27892
Aruba,ABW,2000,21.82276
Aruba,ABW,2001,21.32039
Aruba,ABW,2002,19.75715
Aruba,ABW,2004,14.89786
Aruba,ABW,2005,18.88828
Aruba,ABW,2007,20.7888
Aruba,ABW,2008,19.0362
Aruba,ABW,2009,21.56179
Aruba,ABW,2010,22.17513
Aruba,ABW,2011,21.77598
Australia,AUS,1995,14.11191
Australia,AUS,2000,13.59023
Australia,AUS,2005,13.58513
Australia,AUS,2006,13.1782
Australia,AUS,2007,13.03027
Australia,AUS,2008,12.59972
Australia,AUS,2009,13.41502
Australia,AUS,2010,14.3276
Australia,AUS,2011,13.50202
Australia,AUS,2012,13.18429
Austria,AUT,1998,11.79854
Austria,AUT,1999,11.84257
Austria,AUT,2000,11.12452
Austria,AUT,2001,10.9504
Austria,AUT,2002,10.91398
Austria,AUT,2003,10.55023
Austria,AUT,2004,9.95772
Austria,AUT,2005,10.34062
Austria,AUT,2006,10.46353
Austria,AUT,2007,10.54307
Austria,AUT,2008,10.64181
Austria,AUT,2009,10.66201
Austria,AUT,2010,10.85873
Austria,AUT,2011,11.06032
Austria,AUT,2012,10.70825
Azerbaijan,AZE,1998,14.2516
Azerbaijan,AZE,1999,17.88669
Azerbaijan,AZE,2000,18.498
Azerbaijan,AZE,2001,18.77296
Azerbaijan,AZE,2002,11.39684
Azerbaijan,AZE,2003,11.52329
Azerbaijan,AZE,2004,13.3256
Azerbaijan,AZE,2005,13.12068
Azerbaijan,AZE,2006,9.51087
Azerbaijan,AZE,2007,9.82856
Azerbaijan,AZE,2008,8.28235
Azerbaijan,AZE,2009,9.54358
Azerbaijan,AZE,2010,8.77911
Azerbaijan,AZE,2011,7.30383
Azerbaijan,AZE,2012,5.72184
Azerbaijan,AZE,2013,6.47857
Bahamas,BHS,2000,19.49561
Bahrain,BHR,2006,11.91866
Bahrain,BHR,2007,11.02673
Bahrain,BHR,2008,10.55867
Bahrain,BHR,2012,8.94804
Bangladesh,BGD,1999,18.12979
Bangladesh,BGD,2000,20.49042
Bangladesh,BGD,2001,18.58478
Bangladesh,BGD,2002,15.6938
Bangladesh,BGD,2003,16.68163
Bangladesh,BGD,2004,15.95312
Bangladesh,BGD,2006,17.33653
Bangladesh,BGD,2007,18.1534
Bangladesh,BGD,2008,17.81619
Bangladesh,BGD,2009,14.02987
Bangladesh,BGD,2012,14.6635
Bangladesh,BGD,2013,13.82286
Barbados,BRB,1999,13.14668
Barbados,BRB,2000,13.97806
Barbados,BRB,2001,17.25794
Barbados,BRB,2002,15.91701
Barbados,BRB,2003,15.66595
Barbados,BRB,2004,15.38793
Barbados,BRB,2005,15.39544
Barbados,BRB,2007,15.21563
Barbados,BRB,2008,13.42763
Barbados,BRB,2009,13.84276
Barbados,BRB,2010,15.56024
Barbados,BRB,2012,13.68958
Barbados,BRB,2013,12.15405
Barbados,BRB,2014,14.16823
Belarus,BLR,2004,12.84642
Belarus,BLR,2005,12.91494
Belarus,BLR,2006,12.69644
Belarus,BLR,2007,10.74872
Belarus,BLR,2009,9.78506
Belarus,BLR,2010,12.86463
Belarus,BLR,2011,14.03116
Belarus,BLR,2012,13.18072
Belarus,BLR,2013,12.30363
Belarus,BLR,2014,12.44628
Belgium,BEL,2001,12.0038
Belgium,BEL,2002,12.15448
Belgium,BEL,2003,11.75022
Belgium,BEL,2004,12.01388
Belgium,BEL,2005,11.3503
Belgium,BEL,2006,12.22345
Belgium,BEL,2007,12.28268
Belgium,BEL,2008,12.69052
Belgium,BEL,2009,12.02631
Belgium,BEL,2010,12.22374
Belgium,BEL,2011,11.91676
Belize,BLZ,1999,18.89415
Belize,BLZ,2000,16.05444
Belize,BLZ,2001,18.30537
Belize,BLZ,2003,16.15851
Belize,BLZ,2004,16.82134
Belize,BLZ,2008,19.60072
Belize,BLZ,2009,21.77003
Belize,BLZ,2010,23.05208
Belize,BLZ,2013,22.91612
Benin,BEN,1998,18.46174
Benin,BEN,1999,17.88519
Benin,BEN,2000,13.5132
Benin,BEN,2001,15.31058
Benin,BEN,2002,14.12908
Benin,BEN,2003,16.68253
Benin,BEN,2004,19.21395
Benin,BEN,2005,18.79039
Benin,BEN,2006,19.70961
Benin,BEN,2007,14.94869
Benin,BEN,2008,19.08858
Benin,BEN,2009,18.17562
Benin,BEN,2010,26.14396
Benin,BEN,2012,25.02131
Benin,BEN,2013,22.34122
Benin,BEN,2014,22.22764
Bermuda,BMU,2003,11.0366
Bermuda,BMU,2004,11.11385
Bermuda,BMU,2005,12.1054
Bermuda,BMU,2009,13.97043
Bermuda,BMU,2010,12.93424
Bermuda,BMU,2014,7.79644
Bhutan,BTN,2000,13.77201
Bhutan,BTN,2001,13.08501
Bhutan,BTN,2004,18.69831
Bhutan,BTN,2005,22.84906
Bhutan,BTN,2008,15.02172
Bhutan,BTN,2009,14.02075
Bhutan,BTN,2010,12.7593
Bhutan,BTN,2011,11.28502
Bhutan,BTN,2013,16.11339
Bhutan,BTN,2014,17.82473
Bolivia,BOL,1998,18.42669
Bolivia,BOL,1999,19.27241
Bolivia,BOL,2000,18.67085
Bolivia,BOL,2001,18.46146
Bolivia,BOL,2002,18.71381
Bolivia,BOL,2003,19.94096
Bolivia,BOL,2006,21.1625
Bolivia,BOL,2008,19.92381
Bolivia,BOL,2009,22.56084
Bolivia,BOL,2010,24.12779
Bolivia,BOL,2011,19.48311
Bolivia,BOL,2012,17.82875
Bolivia,BOL,2014,16.85088
Botswana,BWA,2005,25.82353
Botswana,BWA,2007,26.50779
Botswana,BWA,2009,20.4774
Brazil,BRA,1998,11.62986
Brazil,BRA,1999,9.60027
Brazil,BRA,2000,11.45216
Brazil,BRA,2001,10.61076
Brazil,BRA,2002,9.63646
Brazil,BRA,2004,10.39372
Brazil,BRA,2005,11.25672
Brazil,BRA,2006,12.42273
Brazil,BRA,2007,13.21855
Brazil,BRA,2008,14.08221
Brazil,BRA,2009,14.72402
Brazil,BRA,2010,14.55991
Brazil,BRA,2011,15.26927
Brazil,BRA,2012,15.56961
Brunei,BRN,1998,8.76089
Brunei,BRN,1999,8.89343
Brunei,BRN,2000,8.92074
Brunei,BRN,2010,5.29154
Brunei,BRN,2011,9.18219
Brunei,BRN,2012,9.72782
Brunei,BRN,2014,9.98591
Bulgaria,BGR,1998,8.95102
Bulgaria,BGR,2001,9.27774
Bulgaria,BGR,2002,9.65432
Bulgaria,BGR,2003,11.18025
Bulgaria,BGR,2004,6.703
Bulgaria,BGR,2005,12.07252
Bulgaria,BGR,2006,12.01048
Bulgaria,BGR,2007,11.11392
Bulgaria,BGR,2008,12.61226
Bulgaria,BGR,2009,12.65675
Bulgaria,BGR,2010,11.16342
Bulgaria,BGR,2011,11.10005
Bulgaria,BGR,2012,10.69092
Burkina Faso,BFA,2005,19.49419
Burkina Faso,BFA,2006,18.2017
Burkina Faso,BFA,2007,17.86382
Burkina Faso,BFA,2010,17.25072
Burkina Faso,BFA,2011,20.31371
Burkina Faso,BFA,2012,15.89539
Burkina Faso,BFA,2013,16.16524
Burundi,BDI,1999,13.51864
Burundi,BDI,2000,13.43737
Burundi,BDI,2001,14.1125
Burundi,BDI,2002,15.23766
Burundi,BDI,2004,12.95883
Burundi,BDI,2005,13.87042
Burundi,BDI,2008,12.61554
Burundi,BDI,2009,16.30169
Burundi,BDI,2010,16.58808
Burundi,BDI,2011,14.97923
Burundi,BDI,2012,16.42836
Burundi,BDI,2013,17.24324
Cambodia,KHM,1998,9.39199
Cambodia,KHM,2000,11.079
Cambodia,KHM,2001,11.38079
Cambodia,KHM,2002,10.13756
Cambodia,KHM,2004,12.40428
Cambodia,KHM,2007,11.20705
Cambodia,KHM,2010,13.08358
Cameroon,CMR,2000,11.68372
Cameroon,CMR,2001,15.48909
Cameroon,CMR,2003,21.442
Cameroon,CMR,2004,20.84713
Cameroon,CMR,2005,21.37754
Cameroon,CMR,2006,20.31262
Cameroon,CMR,2007,21.56826
Cameroon,CMR,2008,15.58866
Cameroon,CMR,2009,19.77975
Cameroon,CMR,2010,18.75391
Cameroon,CMR,2011,14.86779
Cameroon,CMR,2012,15.17625
Cameroon,CMR,2013,13.82494
Canada,CAN,1998,12.52588
Canada,CAN,1999,12.44565
Canada,CAN,2000,12.74552
Canada,CAN,2001,12.32389
Canada,CAN,2002,12.23728
Canada,CAN,2005,12.32375
Canada,CAN,2007,12.42298
Canada,CAN,2008,12.06521
Canada,CAN,2009,12.42582
Canada,CAN,2010,12.29996
Canada,CAN,2011,12.18817
Cape Verde,CPV,1998,17.25592
Cape Verde,CPV,1999,16.76194
Cape Verde,CPV,2002,19.76623
Cape Verde,CPV,2004,20.84048
Cape Verde,CPV,2006,17.54058
Cape Verde,CPV,2007,18.32875
Cape Verde,CPV,2008,18.62308
Cape Verde,CPV,2009,16.16892
Cape Verde,CPV,2010,14.39624
Cape Verde,CPV,2011,15.15328
Cape Verde,CPV,2013,14.97774
Central African Republic,CAF,1999,8.94932
Central African Republic,CAF,2000,9.93077
Central African Republic,CAF,2002,9.21473
Central African Republic,CAF,2003,12.02802
Central African Republic,CAF,2004,12.06446
Central African Republic,CAF,2005,9.68047
Central African Republic,CAF,2006,10.05424
Central African Republic,CAF,2007,9.86948
Central African Republic,CAF,2008,7.86
Central African Republic,CAF,2009,7.83009
Central African Republic,CAF,2010,6.47538
Central African Republic,CAF,2011,7.82546
Chad,TCD,1997,12.89866
Chad,TCD,1998,11.07153
Chad,TCD,1999,17.05998
Chad,TCD,2000,12.84449
Chad,TCD,2001,13.78685
Chad,TCD,2004,11.0319
Chad,TCD,2005,14.67282
Chad,TCD,2009,9.54911
Chad,TCD,2010,8.11929
Chad,TCD,2011,10.08323
Chad,TCD,2013,12.46149
Chile,CHL,1997,14.44519
Chile,CHL,1998,15.12568
Chile,CHL,1999,15.63322
Chile,CHL,2000,16.40148
Chile,CHL,2002,17.40727
Chile,CHL,2003,17.60468
Chile,CHL,2004,16.97488
Chile,CHL,2005,16.12225
Chile,CHL,2006,16.15792
Chile,CHL,2007,16.64837
Chile,CHL,2008,17.47809
Chile,CHL,2009,17.1887
Chile,CHL,2010,17.51394
Chile,CHL,2011,17.5041
Chile,CHL,2012,19.2781
Chile,CHL,2013,19.07084
China,CHN,1998,14.55138
China,CHN,1999,12.63153
Colombia,COL,1998,12.47536
Colombia,COL,1999,13.15193
Colombia,COL,2000,13.28683
Colombia,COL,2001,13.46772
Colombia,COL,2002,15.29956
Colombia,COL,2003,15.53726
Colombia,COL,2004,15.43978
Colombia,COL,2005,15.53561
Colombia,COL,2006,13.76883
Colombia,COL,2007,14.48145
Colombia,COL,2008,14.6773
Colombia,COL,2009,16.08117
Colombia,COL,2010,16.41858
Colombia,COL,2011,15.52914
Colombia,COL,2012,15.51283
Colombia,COL,2013,16.91362
Colombia,COL,2014,15.85781
Comoros,COM,1998,17.13507
Comoros,COM,2002,15.78972
Comoros,COM,2008,29.23312
Comoros,COM,2011,21.41487
Comoros,COM,2012,18.49151
Congo,COG,1998,14.12653
Congo,COG,2002,11.59277
Congo,COG,2003,9.51995
Congo,COG,2004,8.56181
Congo,COG,2005,7.59782
Congo,COG,2010,29.01843
Costa Rica,CRI,1999,21.92369
Costa Rica,CRI,2000,18.81951
Costa Rica,CRI,2001,19.15282
Costa Rica,CRI,2002,19.2405
Costa Rica,CRI,2003,20.15172
Costa Rica,CRI,2004,20.43089
Cote d'Ivoire,CIV,1997,19.22015
Cote d'Ivoire,CIV,1998,18.81477
Cote d'Ivoire,CIV,1999,21.67118
Cote d'Ivoire,CIV,2000,20.80695
Cote d'Ivoire,CIV,2001,23.20203
Cote d'Ivoire,CIV,2002,22.59234
Cote d'Ivoire,CIV,2003,22.64824
Cote d'Ivoire,CIV,2004,22.10709
Cote d'Ivoire,CIV,2005,21.84566
Cote d'Ivoire,CIV,2006,20.5064
Cote d'Ivoire,CIV,2007,21.86688
Cote d'Ivoire,CIV,2008,21.94258
Cote d'Ivoire,CIV,2014,20.67385
Croatia,HRV,2002,7.96833
Croatia,HRV,2003,8.27336
Croatia,HRV,2004,8.19198
Croatia,HRV,2007,8.88328
Croatia,HRV,2008,9.62946
Croatia,HRV,2009,9.30367
Croatia,HRV,2010,9.08259
Croatia,HRV,2011,8.57615
Cyprus,CYP,1999,13.90828
Cyprus,CYP,2000,14.27602
Cyprus,CYP,2001,14.33211
Cyprus,CYP,2002,14.91421
Cyprus,CYP,2003,16.51523
Cyprus,CYP,2004,15.777
Cyprus,CYP,2005,15.74568
Cyprus,CYP,2006,16.09478
Cyprus,CYP,2007,16.60186
Cyprus,CYP,2008,17.48246
Cyprus,CYP,2009,17.12682
Cyprus,CYP,2010,15.68234
Cyprus,CYP,2011,15.53671
Czech Republic,CZE,1998,8.63671
Czech Republic,CZE,1999,8.99875
Czech Republic,CZE,2000,9.07353
Czech Republic,CZE,2001,8.83908
Czech Republic,CZE,2002,8.98813
Czech Republic,CZE,2003,8.5548
Czech Republic,CZE,2004,9.53951
Czech Republic,CZE,2005,9.32313
Czech Republic,CZE,2006,10.35338
Czech Republic,CZE,2007,9.69913
Czech Republic,CZE,2008,9.34464
Czech Republic,CZE,2009,9.58393
Czech Republic,CZE,2010,9.48043
Czech Republic,CZE,2011,10.09534
Czech Republic,CZE,2012,9.74072
Democratic Republic of Congo,COD,2010,8.97645
Democratic Republic of Congo,COD,2013,16.83461
Denmark,DNK,1998,14.63437
Denmark,DNK,1999,14.54371
Denmark,DNK,2000,15.34415
Denmark,DNK,2001,15.54854
Denmark,DNK,2002,15.43388
Denmark,DNK,2003,15.14175
Denmark,DNK,2004,15.48686
Denmark,DNK,2005,15.77934
Denmark,DNK,2006,15.51264
Denmark,DNK,2007,15.3567
Denmark,DNK,2008,14.83026
Denmark,DNK,2009,14.94417
Denmark,DNK,2010,15.10334
Denmark,DNK,2011,15.03621
Djibouti,DJI,1999,22.89607
Djibouti,DJI,2000,29.38595
Djibouti,DJI,2001,26.28002
Djibouti,DJI,2002,25.48931
Djibouti,DJI,2003,24.27149
Djibouti,DJI,2004,24.70114
Djibouti,DJI,2005,22.71505
Djibouti,DJI,2006,22.14541
Djibouti,DJI,2007,22.26884
Djibouti,DJI,2010,12.3284
Dominica,DMA,1998,17.1116
Dominica,DMA,1999,11.41962
Dominican Republic,DOM,2000,12.98848
Dominican Republic,DOM,2001,12.50729
Dominican Republic,DOM,2002,12.07972
Dominican Republic,DOM,2003,9.70181
Dominican Republic,DOM,2007,12.57788
Ecuador,ECU,1998,10.86149
Ecuador,ECU,1999,6.6746
Ecuador,ECU,2000,4.9643
Ecuador,ECU,2010,11.75183
Ecuador,ECU,2011,10.96467
Ecuador,ECU,2012,10.34829
Egypt,EGY,2003,14.04387
Egypt,EGY,2004,13.79283
Egypt,EGY,2005,14.42145
Egypt,EGY,2006,10.59623
Egypt,EGY,2007,10.44791
Egypt,EGY,2008,10.44253
El Salvador,SLV,1998,14.53233
El Salvador,SLV,1999,13.60802
El Salvador,SLV,2000,13.91002
El Salvador,SLV,2002,15.89931
El Salvador,SLV,2003,14.44008
El Salvador,SLV,2005,14.65582
El Salvador,SLV,2006,15.57183
El Salvador,SLV,2007,16.94065
El Salvador,SLV,2008,19.44883
El Salvador,SLV,2009,18.54698
El Salvador,SLV,2010,16.16422
El Salvador,SLV,2011,15.87258
Equatorial Guinea,GNQ,1998,5.24814
Eritrea,ERI,1998,6.25092
Eritrea,ERI,1999,5.56554
Eritrea,ERI,2001,5.86161
Eritrea,ERI,2002,5.63338
Eritrea,ERI,2004,5.74185
Eritrea,ERI,2006,5.16807
Estonia,EST,1997,17.85775
Estonia,EST,1998,16.16829
Estonia,EST,1999,16.50726
Estonia,EST,2000,14.81044
Estonia,EST,2001,15.05838
Estonia,EST,2002,15.28683
Estonia,EST,2003,15.18783
Estonia,EST,2004,14.48866
Estonia,EST,2005,14.52335
Estonia,EST,2007,13.87777
Estonia,EST,2008,14.15127
Estonia,EST,2009,13.45903
Estonia,EST,2010,13.6818
Estonia,EST,2011,13.41265
Estonia,EST,2012,12.05791
Ethiopia,ETH,2000,14.90773
Ethiopia,ETH,2001,14.46177
Ethiopia,ETH,2002,16.18775
Ethiopia,ETH,2006,23.97538
Ethiopia,ETH,2007,24.69945
Ethiopia,ETH,2008,26.35573
Ethiopia,ETH,2009,23.58375
Ethiopia,ETH,2010,26.30404
Ethiopia,ETH,2013,27.0211
Fiji,FJI,1998,17.87772
Fiji,FJI,1999,19.28934
Fiji,FJI,2000,20.48492
Fiji,FJI,2001,18.52476
Fiji,FJI,2002,19.95339
Fiji,FJI,2004,22.04252
Fiji,FJI,2005,18.76223
Fiji,FJI,2006,19.33155
Fiji,FJI,2007,21.4214
Fiji,FJI,2008,16.73676
Fiji,FJI,2009,15.35247
Fiji,FJI,2011,14.88946
Fiji,FJI,2013,14.03247
Finland,FIN,1999,11.76006
Finland,FIN,2000,12.17092
Finland,FIN,2001,12.63445
Finland,FIN,2002,12.68253
Finland,FIN,2003,12.77597
Finland,FIN,2004,12.77896
Finland,FIN,2005,12.2497
Finland,FIN,2006,12.28382
Finland,FIN,2007,12.15036
Finland,FIN,2008,12.11463
Finland,FIN,2009,11.83831
Finland,FIN,2010,11.94222
Finland,FIN,2011,11.92289
Finland,FIN,2012,12.81075
France,FRA,1998,10.81141
France,FRA,1999,10.84448
France,FRA,2000,10.78995
France,FRA,2001,10.57707
France,FRA,2002,10.34289
France,FRA,2003,10.84215
France,FRA,2004,10.73231
France,FRA,2005,10.40092
France,FRA,2006,10.3673
France,FRA,2007,10.42595
France,FRA,2008,10.27361
France,FRA,2009,10.10988
France,FRA,2010,10.06915
France,FRA,2011,9.86391
France,FRA,2012,9.73667
Gabon,GAB,1998,7.05813
Gabon,GAB,1999,11.34816
Gabon,GAB,2000,17.70649
Gambia,GMB,2000,11.9218
Gambia,GMB,2001,8.20527
Gambia,GMB,2002,8.80675
Gambia,GMB,2003,8.1835
Gambia,GMB,2004,4.77066
Gambia,GMB,2005,5.25027
Gambia,GMB,2006,5.36076
Gambia,GMB,2007,7.2975
Gambia,GMB,2008,18.41265
Gambia,GMB,2009,13.29374
Gambia,GMB,2010,17.61123
Gambia,GMB,2011,15.11833
Gambia,GMB,2012,13.8003
Gambia,GMB,2013,10.27583
Georgia,GEO,1998,10.85143
Georgia,GEO,1999,10.60486
Georgia,GEO,2000,12.54072
Georgia,GEO,2001,12.36196
Georgia,GEO,2002,13.60351
Georgia,GEO,2003,12.49294
Georgia,GEO,2004,15.03676
Georgia,GEO,2005,11.18125
Georgia,GEO,2006,12.89539
Georgia,GEO,2007,9.48665
Georgia,GEO,2008,8.9376
Georgia,GEO,2009,8.99825
Georgia,GEO,2011,9.26943
Georgia,GEO,2012,6.70776
Germany,DEU,1998,9.37684
Germany,DEU,2006,9.62531
Germany,DEU,2007,10.18212
Germany,DEU,2008,10.16083
Germany,DEU,2009,10.31754
Germany,DEU,2010,10.44703
Germany,DEU,2011,10.82095
Germany,DEU,2012,11.2171
Ghana,GHA,1999,14.8927
Ghana,GHA,2001,15.59659
Ghana,GHA,2004,22.37925
Ghana,GHA,2005,23.42996
Ghana,GHA,2006,24.16198
Ghana,GHA,2007,24.11957
Ghana,GHA,2008,23.60645
Ghana,GHA,2009,22.67599
Ghana,GHA,2010,21.24422
Ghana,GHA,2011,30.76981
Ghana,GHA,2012,37.68692
Ghana,GHA,2013,21.70402
Greece,GRC,1998,6.701
Greece,GRC,1999,6.90314
Greece,GRC,2000,7.07659
Greece,GRC,2001,7.70515
Greece,GRC,2002,7.91812
Greece,GRC,2003,7.9529
Greece,GRC,2004,8.42267
Greece,GRC,2005,9.17249
Grenada,GRD,2003,10.80899
Guatemala,GTM,2006,20.33845
Guatemala,GTM,2007,21.27816
Guatemala,GTM,2008,23.34816
Guatemala,GTM,2010,19.29692
Guatemala,GTM,2011,20.24641
Guatemala,GTM,2012,21.10514
Guatemala,GTM,2013,20.63795
Guinea,GIN,1999,14.65855
Guinea,GIN,2000,15.19597
Guinea,GIN,2001,10.31576
Guinea,GIN,2002,13.06433
Guinea,GIN,2003,11.62474
Guinea,GIN,2004,12.3133
Guinea,GIN,2005,10.94747
Guinea,GIN,2008,15.67827
Guinea,GIN,2009,13.5834
Guinea,GIN,2010,12.43832
Guinea,GIN,2011,14.25931
Guinea,GIN,2012,9.46061
Guinea,GIN,2013,14.13282
Guinea-Bissau,GNB,1999,16.7431
Guinea-Bissau,GNB,2010,9.96159
Guinea-Bissau,GNB,2011,10.55761
Guinea-Bissau,GNB,2012,14.5398
Guinea-Bissau,GNB,2013,16.19138
Guyana,GUY,1999,22.6878
Guyana,GUY,2000,17.65684
Guyana,GUY,2001,16.55556
Guyana,GUY,2002,16.90001
Guyana,GUY,2003,13.81456
Guyana,GUY,2004,11.08074
Guyana,GUY,2005,13.82344
Guyana,GUY,2006,13.48169
Guyana,GUY,2007,11.52616
Guyana,GUY,2009,10.34722
Guyana,GUY,2010,11.97244
Guyana,GUY,2011,11.82504
Guyana,GUY,2012,10.26061
Honduras,HND,2013,19.23051
Hong Kong,HKG,2001,22.41878
Hong Kong,HKG,2002,22.20729
Hong Kong,HKG,2003,23.24429
Hong Kong,HKG,2004,23.15106
Hong Kong,HKG,2005,22.47858
Hong Kong,HKG,2006,23.2826
Hong Kong,HKG,2007,22.63778
Hong Kong,HKG,2008,22.9224
Hong Kong,HKG,2009,23.79947
Hong Kong,HKG,2010,19.90941
Hong Kong,HKG,2011,20.14833
Hong Kong,HKG,2012,18.64948
Hong Kong,HKG,2013,20.3008
Hong Kong,HKG,2014,17.6204
Hungary,HUN,1998,8.73522
Hungary,HUN,1999,9.42253
Hungary,HUN,2000,10.32352
Hungary,HUN,2001,10.45495
Hungary,HUN,2002,10.17901
Hungary,HUN,2003,11.82985
Hungary,HUN,2004,11.00593
Hungary,HUN,2005,10.80056
Hungary,HUN,2006,10.32768
Hungary,HUN,2007,10.33821
Hungary,HUN,2008,10.27063
Hungary,HUN,2009,9.86443
Hungary,HUN,2010,9.68474
Hungary,HUN,2011,9.30398
Iceland,ISL,1998,16.71814
Iceland,ISL,1999,15.58284
Iceland,ISL,2000,15.75082
Iceland,ISL,2001,16.22192
Iceland,ISL,2002,17.10422
Iceland,ISL,2003,16.39488
Iceland,ISL,2004,16.82493
Iceland,ISL,2005,17.80961
Iceland,ISL,2006,17.92521
Iceland,ISL,2007,17.21768
Iceland,ISL,2008,13.03326
Iceland,ISL,2009,15.16028
Iceland,ISL,2010,14.60396
Iceland,ISL,2011,15.41527
India,IND,1997,10.74359
India,IND,1998,14.77773
India,IND,1999,17.64342
India,IND,2000,17.49648
India,IND,2003,12.92223
India,IND,2004,11.55219
India,IND,2005,11.53216
India,IND,2006,11.78109
India,IND,2009,10.82184
India,IND,2010,11.74278
India,IND,2011,13.67652
India,IND,2012,14.06268
Indonesia,IDN,2001,11.59399
Indonesia,IDN,2002,14.36723
Indonesia,IDN,2003,16.27864
Indonesia,IDN,2004,14.1703
Indonesia,IDN,2005,15.1488
Indonesia,IDN,2007,14.94431
Indonesia,IDN,2008,13.67475
Indonesia,IDN,2009,19.30844
Indonesia,IDN,2010,16.65418
Indonesia,IDN,2011,18.06186
Indonesia,IDN,2012,18.09042
Indonesia,IDN,2013,17.59418
Iran,IRN,1999,20.11292
Iran,IRN,2000,20.63385
Iran,IRN,2001,24.42417
Iran,IRN,2002,26.33352
Iran,IRN,2003,21.65296
Iran,IRN,2004,21.47405
Iran,IRN,2005,22.32196
Iran,IRN,2006,19.34813
Iran,IRN,2007,19.87443
Iran,IRN,2008,20.57943
Iran,IRN,2009,18.02354
Iran,IRN,2010,18.80435
Iran,IRN,2011,19.1267
Iran,IRN,2012,17.03431
Iran,IRN,2013,21.67391
Iran,IRN,2014,19.67193
Ireland,IRL,1998,12.38154
Ireland,IRL,1999,12.18244
Ireland,IRL,2000,13.38861
Ireland,IRL,2001,12.59213
Ireland,IRL,2002,12.43247
Ireland,IRL,2003,12.75296
Ireland,IRL,2004,13.54971
Ireland,IRL,2005,13.58013
Ireland,IRL,2006,13.42976
Ireland,IRL,2007,13.12946
Ireland,IRL,2008,13.01657
Ireland,IRL,2009,13.04314
Ireland,IRL,2010,9.29551
Ireland,IRL,2011,12.68265
Ireland,IRL,2012,13.83413
Israel,ISR,2000,12.72266
Israel,ISR,2001,12.72572
Israel,ISR,2002,12.6119
Israel,ISR,2003,12.68165
Israel,ISR,2004,12.60446
Israel,ISR,2005,12.50637
Israel,ISR,2006,12.92004
Israel,ISR,2007,12.88462
Israel,ISR,2008,13.04756
Israel,ISR,2009,12.91916
Israel,ISR,2010,13.25932
Israel,ISR,2011,13.49082
Italy,ITA,1998,9.2389
Italy,ITA,1999,9.54947
Italy,ITA,2000,9.44847
Italy,ITA,2001,9.82544
Italy,ITA,2002,9.50514
Italy,ITA,2003,9.64084
Italy,ITA,2004,9.38801
Italy,ITA,2005,9.01373
Italy,ITA,2006,9.52719
Italy,ITA,2007,8.80193
Italy,ITA,2008,9.20517
Italy,ITA,2009,8.86717
Italy,ITA,2010,8.72395
Italy,ITA,2011,8.43019
Jamaica,JAM,2000,16.7966
Jamaica,JAM,2001,19.99115
Jamaica,JAM,2002,18.36393
Jamaica,JAM,2003,13.36234
Jamaica,JAM,2004,11.73302
Jamaica,JAM,2005,14.26937
Jamaica,JAM,2007,17.17305
Jamaica,JAM,2008,19.11938
Jamaica,JAM,2009,17.55284
Jamaica,JAM,2010,16.10294
Jamaica,JAM,2011,18.58193
Jamaica,JAM,2012,18.80926
Jamaica,JAM,2013,20.57386
Jamaica,JAM,2014,21.79749
Japan,JPN,1998,10.2068
Japan,JPN,1999,10.33425
Japan,JPN,2000,9.93041
Japan,JPN,2001,9.63897
Japan,JPN,2002,9.85811
Japan,JPN,2003,9.94637
Japan,JPN,2004,9.93784
Japan,JPN,2005,10.29182
Japan,JPN,2006,10.15117
Japan,JPN,2007,10.04298
Japan,JPN,2008,10.32735
Japan,JPN,2010,9.45758
Japan,JPN,2011,9.70961
Japan,JPN,2012,9.48014
Japan,JPN,2013,9.57815
Jordan,JOR,1997,18.4214
Jordan,JOR,1999,14.18371
Kazakhstan,KAZ,2002,14.75948
Kazakhstan,KAZ,2004,10.26694
Kazakhstan,KAZ,2005,10.22782
Kazakhstan,KAZ,2006,13.26734
Kazakhstan,KAZ,2007,11.94463
Kazakhstan,KAZ,2008,13.64712
Kazakhstan,KAZ,2009,13.0409
Kazakhstan,KAZ,2013,14.01982
Kazakhstan,KAZ,2014,12.60609
Kenya,KEN,1999,24.04598
Kenya,KEN,2000,23.06399
Kenya,KEN,2001,22.11042
Kenya,KEN,2002,25.62821
Kenya,KEN,2003,24.98009
Kenya,KEN,2004,26.66815
Kenya,KEN,2005,27.30884
Kenya,KEN,2006,24.95597
Kenya,KEN,2010,20.55599
Kiribati,KIR,1999,12.50751
Kiribati,KIR,2000,15.26542
Kiribati,KIR,2001,11.51614
Kuwait,KWT,2001,17.63889
Kuwait,KWT,2002,14.96518
Kuwait,KWT,2004,14.95361
Kuwait,KWT,2005,13.85411
Kuwait,KWT,2006,13.37001
Kyrgyzstan,KGZ,1998,13.6927
Kyrgyzstan,KGZ,1999,11.37496
Kyrgyzstan,KGZ,2000,11.59721
Kyrgyzstan,KGZ,2001,13.70554
Kyrgyzstan,KGZ,2002,15.01681
Kyrgyzstan,KGZ,2003,15.655
Kyrgyzstan,KGZ,2004,15.9067
Kyrgyzstan,KGZ,2005,16.46192
Kyrgyzstan,KGZ,2006,18.43475
Kyrgyzstan,KGZ,2007,20.32407
Kyrgyzstan,KGZ,2008,20.17296
Kyrgyzstan,KGZ,2009,18.1331
Kyrgyzstan,KGZ,2010,15.68476
Kyrgyzstan,KGZ,2011,18.1727
Kyrgyzstan,KGZ,2012,18.19559
Kyrgyzstan,KGZ,2013,17.773
Laos,LAO,2000,7.26613
Laos,LAO,2001,9.11739
Laos,LAO,2002,16.20456
Laos,LAO,2004,16.24385
Laos,LAO,2005,13.73158
Laos,LAO,2006,17.48047
Laos,LAO,2007,17.35746
Laos,LAO,2008,13.963
Laos,LAO,2010,11.89297
Laos,LAO,2014,15.35253
Latvia,LVA,1998,11.00897
Latvia,LVA,1999,9.90669
Latvia,LVA,2000,10.26199
Latvia,LVA,2001,11.1588
Latvia,LVA,2002,11.50504
Latvia,LVA,2003,10.80686
Latvia,LVA,2004,10.19194
Latvia,LVA,2006,9.77717
Latvia,LVA,2007,9.88639
Latvia,LVA,2008,10.37558
Latvia,LVA,2009,9.15413
Latvia,LVA,2010,8.29944
Latvia,LVA,2011,8.95797
Latvia,LVA,2012,8.73077
Lebanon,LBN,2001,7.42125
Lebanon,LBN,2002,7.0563
Lebanon,LBN,2004,7.93123
Lebanon,LBN,2005,8.42131
Lebanon,LBN,2006,7.69319
Lebanon,LBN,2007,7.34104
Lebanon,LBN,2008,5.86977
Lebanon,LBN,2009,5.503
Lebanon,LBN,2010,5.53429
Lebanon,LBN,2011,5.73381
Lebanon,LBN,2012,7.10915
Lebanon,LBN,2013,8.57552
Lesotho,LSO,1999,23.55235
Lesotho,LSO,2000,19.20038
Lesotho,LSO,2001,23.84892
Lesotho,LSO,2002,24.36376
Lesotho,LSO,2003,32.10573
Lesotho,LSO,2004,27.6499
Lesotho,LSO,2005,32.40492
Lesotho,LSO,2006,28.23381
Lesotho,LSO,2008,24.69755
Liberia,LBR,2008,7.27842
Liberia,LBR,2012,8.10176
Libya,LBY,1999,8.13873
Lithuania,LTU,1997,16.71701
Lithuania,LTU,1998,16.61294
Lithuania,LTU,2006,14.28965
Lithuania,LTU,2007,13.32594
Lithuania,LTU,2008,13.05296
Lithuania,LTU,2009,12.77762
Lithuania,LTU,2010,12.85883
Lithuania,LTU,2011,12.33635
Luxembourg,LUX,2001,9.69806
Macao,MAC,2009,12.90882
Macao,MAC,2010,15.67268
Macao,MAC,2011,16.13787
Macao,MAC,2012,20.22375
Macao,MAC,2013,14.25466
Macedonia,MKD,2002,8.64088
Madagascar,MDG,1997,10.64502
Madagascar,MDG,1998,9.38266
Madagascar,MDG,1999,15.539
Madagascar,MDG,2000,15.89018
Madagascar,MDG,2001,17.68298
Madagascar,MDG,2002,17.93601
Madagascar,MDG,2003,15.76285
Madagascar,MDG,2004,12.96052
Madagascar,MDG,2005,18.03287
Madagascar,MDG,2006,15.32419
Madagascar,MDG,2007,18.04436
Madagascar,MDG,2008,16.25801
Madagascar,MDG,2009,22.5854
Madagascar,MDG,2011,19.7794
Madagascar,MDG,2012,20.32568
Madagascar,MDG,2013,13.98948
Malawi,MWI,2003,16.55257
Malawi,MWI,2010,12.51796
Malawi,MWI,2011,15.213
Malawi,MWI,2013,20.36157
Malawi,MWI,2014,16.33672
Malaysia,MYS,1997,18.98457
Malaysia,MYS,1999,21.18855
Malaysia,MYS,2000,21.39068
Malaysia,MYS,2001,24.34852
Malaysia,MYS,2002,25.9036
Malaysia,MYS,2003,24.54244
Malaysia,MYS,2004,21.01292
Malaysia,MYS,2006,16.74557
Malaysia,MYS,2007,16.12466
Malaysia,MYS,2008,14.03864
Malaysia,MYS,2009,18.46463
Malaysia,MYS,2010,18.40623
Malaysia,MYS,2011,20.97702
Malaysia,MYS,2013,21.47878
Maldives,MDV,2002,21.2399
Maldives,MDV,2003,20.3462
Maldives,MDV,2004,19.47924
Maldives,MDV,2005,13.01498
Maldives,MDV,2006,13.34758
Maldives,MDV,2007,12.74641
Maldives,MDV,2008,12.61971
Maldives,MDV,2009,17.5128
Maldives,MDV,2011,17.67886
Maldives,MDV,2012,15.29215
Mali,MLI,2000,15.32381
Mali,MLI,2001,14.49319
Mali,MLI,2002,14.52521
Mali,MLI,2003,18.28376
Mali,MLI,2004,17.73635
Mali,MLI,2005,16.2803
Mali,MLI,2008,18.03169
Mali,MLI,2009,16.95944
Mali,MLI,2010,16.50394
Mali,MLI,2011,18.25828
Mali,MLI,2012,22.40338
Mali,MLI,2013,16.62345
Mali,MLI,2014,18.22425
Malta,MLT,2002,9.53534
Malta,MLT,2004,10.56516
Malta,MLT,2007,14.53679
Malta,MLT,2008,13.09073
Malta,MLT,2009,12.34974
Malta,MLT,2010,15.73082
Malta,MLT,2011,18.8981
Malta,MLT,2012,15.25658
Marshall Islands,MHL,1999,28.54381
Marshall Islands,MHL,2002,14.8142
Marshall Islands,MHL,2003,22.50875
Mauritania,MRT,2004,8.17586
Mauritania,MRT,2006,10.31029
Mauritania,MRT,2008,13.88017
Mauritania,MRT,2010,16.03502
Mauritania,MRT,2011,13.68266
Mauritania,MRT,2012,10.01775
Mauritania,MRT,2013,11.40537
Mauritius,MUS,1999,16.76763
Mauritius,MUS,2000,14.31736
Mauritius,MUS,2001,11.97105
Mauritius,MUS,2002,11.51012
Mauritius,MUS,2003,15.91087
Mauritius,MUS,2004,16.21239
Mauritius,MUS,2005,15.82166
Mauritius,MUS,2006,14.13833
Mauritius,MUS,2007,12.74995
Mauritius,MUS,2008,11.95525
Mauritius,MUS,2009,11.64793
Mauritius,MUS,2010,14.57315
Mauritius,MUS,2011,13.84617
Mauritius,MUS,2012,14.96062
Mauritius,MUS,2013,14.78901
Mauritius,MUS,2014,20.9054
Mexico,MEX,1998,15.78817
Mexico,MEX,1999,16.34315
Mexico,MEX,2000,19.77632
Mexico,MEX,2001,20.84655
Mexico,MEX,2002,20.97145
Mexico,MEX,2003,22.44291
Mexico,MEX,2004,22.20036
Mexico,MEX,2005,22.18896
Mexico,MEX,2006,20.74933
Mexico,MEX,2007,20.24585
Mexico,MEX,2008,18.80036
Mexico,MEX,2009,18.47241
Mexico,MEX,2010,19.42911
Mexico,MEX,2011,19.00752
Micronesia (country),FSM,1999,8.78498
Micronesia (country),FSM,2000,9.96512
Moldova,MDA,1999,13.87681
Moldova,MDA,2000,12.99873
Moldova,MDA,2001,16.47752
Moldova,MDA,2002,18.08781
Moldova,MDA,2003,16.28233
Moldova,MDA,2004,19.55373
Moldova,MDA,2005,19.35065
Moldova,MDA,2006,18.67197
Moldova,MDA,2007,19.48785
Moldova,MDA,2008,19.82275
Moldova,MDA,2009,21.01412
Moldova,MDA,2010,22.3361
Moldova,MDA,2011,21.9582
Moldova,MDA,2012,20.82347
Moldova,MDA,2014,18.83653
Monaco,MCO,1997,6.40111
Monaco,MCO,1998,6.48977
Monaco,MCO,1999,5.0717
Monaco,MCO,2000,6.3279
Monaco,MCO,2004,5.92595
Monaco,MCO,2009,6.59881
Monaco,MCO,2010,6.36322
Monaco,MCO,2011,8.07617
Monaco,MCO,2012,8.87595
Monaco,MCO,2013,7.05922
Monaco,MCO,2014,5.00886
Mongolia,MNG,1997,12.80767
Mongolia,MNG,1998,15.17901
Mongolia,MNG,1999,15.25156
Mongolia,MNG,2000,16.07477
Mongolia,MNG,2002,20.31151
Mongolia,MNG,2004,13.57351
Mongolia,MNG,2007,13.28645
Mongolia,MNG,2009,14.51142
Mongolia,MNG,2010,14.71111
Mongolia,MNG,2011,12.15085
Morocco,MAR,1998,25.21153
Morocco,MAR,1999,25.76847
Morocco,MAR,2008,17.47064
Morocco,MAR,2009,17.29529
Mozambique,MOZ,1998,12.05375
Mozambique,MOZ,1999,16.92332
Mozambique,MOZ,2004,18.00154
Mozambique,MOZ,2005,22.71818
Mozambique,MOZ,2006,18.55004
Mozambique,MOZ,2012,19.76724
Mozambique,MOZ,2013,19.03288
Namibia,NAM,1999,23.04277
Namibia,NAM,2000,21.92506
Namibia,NAM,2001,22.77571
Namibia,NAM,2002,21.83686
Namibia,NAM,2003,20.32821
Namibia,NAM,2006,21.60299
Namibia,NAM,2008,25.07235
Namibia,NAM,2010,26.19325
Nepal,NPL,2000,19.11359
Nepal,NPL,2001,21.61894
Nepal,NPL,2002,20.42635
Nepal,NPL,2003,21.30218
Nepal,NPL,2004,21.60618
Nepal,NPL,2005,22.27689
Nepal,NPL,2006,25.48504
Nepal,NPL,2007,21.12867
Nepal,NPL,2008,22.11482
Nepal,NPL,2009,19.84753
Nepal,NPL,2010,20.81352
Nepal,NPL,2013,21.39802
Nepal,NPL,2014,22.09018
Netherlands,NLD,1998,10.58261
Netherlands,NLD,1999,10.48322
Netherlands,NLD,2000,11.07332
Netherlands,NLD,2001,11.01248
Netherlands,NLD,2002,11.09102
Netherlands,NLD,2003,11.40185
Netherlands,NLD,2004,11.71956
Netherlands,NLD,2005,12.1909
Netherlands,NLD,2006,11.82707
Netherlands,NLD,2007,11.62183
Netherlands,NLD,2008,11.68874
Netherlands,NLD,2009,11.40658
Netherlands,NLD,2010,11.52436
Netherlands,NLD,2011,11.75423
Netherlands,NLD,2012,11.61935
New Zealand,NZL,1999,17.72079
New Zealand,NZL,2001,18.2456
New Zealand,NZL,2002,18.31226
New Zealand,NZL,2003,18.29794
New Zealand,NZL,2004,18.56677
New Zealand,NZL,2005,17.75142
New Zealand,NZL,2006,16.55642
New Zealand,NZL,2007,16.36142
New Zealand,NZL,2008,15.37095
New Zealand,NZL,2009,16.75341
New Zealand,NZL,2010,16.64842
New Zealand,NZL,2011,16.67924
New Zealand,NZL,2012,19.35049
Nicaragua,NIC,1998,13.38182
Nicaragua,NIC,1999,14.7168
Nicaragua,NIC,2000,14.5737
Nicaragua,NIC,2002,15.68779
Nicaragua,NIC,2003,14.887
Nicaragua,NIC,2010,22.75367
Niger,NER,1999,17.11781
Niger,NER,2000,18.78317
Niger,NER,2001,16.59557
Niger,NER,2002,16.65247
Niger,NER,2003,13.8455
Niger,NER,2006,16.88377
Niger,NER,2007,17.37597
Niger,NER,2008,16.17733
Niger,NER,2009,18.91294
Niger,NER,2010,18.10404
Niger,NER,2011,21.67581
Niger,NER,2012,19.19202
Niger,NER,2013,18.08446
Niger,NER,2014,21.66142
Norway,NOR,1997,15.90564
Norway,NOR,1998,15.24957
Norway,NOR,1999,14.85471
Norway,NOR,2000,15.48646
Norway,NOR,2001,15.73486
Norway,NOR,2002,16.25644
Norway,NOR,2003,15.75515
Norway,NOR,2004,16.53605
Norway,NOR,2005,16.7517
Norway,NOR,2006,16.23354
Norway,NOR,2007,16.55713
Norway,NOR,2008,16.1489
Norway,NOR,2009,15.76085
Norway,NOR,2010,15.30602
Norway,NOR,2011,15.01093
Norway,NOR,2012,17.45271
Oman,OMN,1997,9.12556
Oman,OMN,1998,9.9918
Oman,OMN,1999,10.32786
Oman,OMN,2000,8.98344
Oman,OMN,2001,10.58399
Oman,OMN,2002,11.06248
Oman,OMN,2003,10.03896
Oman,OMN,2004,10.31647
Oman,OMN,2005,10.05364
Oman,OMN,2006,11.22463
Oman,OMN,2009,10.94918
Pakistan,PAK,1999,11.30733
Pakistan,PAK,2000,8.48988
Pakistan,PAK,2004,11.22935
Pakistan,PAK,2005,13.77751
Pakistan,PAK,2006,15.28909
Pakistan,PAK,2007,15.4455
Pakistan,PAK,2008,14.09698
Pakistan,PAK,2009,12.08264
Pakistan,PAK,2010,11.86466
Pakistan,PAK,2011,10.92462
Pakistan,PAK,2012,11.04063
Pakistan,PAK,2013,11.51398
Pakistan,PAK,2014,11.30067
Palau,PLW,2000,13.80012
Palau,PLW,2001,15.1165
Palau,PLW,2002,15.34344
Panama,PAN,1997,17.35391
Panama,PAN,1999,18.97315
Panama,PAN,2000,19.83194
Panama,PAN,2001,16.63913
Panama,PAN,2002,16.9575
Panama,PAN,2003,16.34301
Panama,PAN,2004,14.56827
Panama,PAN,2008,14.88983
Panama,PAN,2011,13.01972
Paraguay,PRY,1998,17.54141
Paraguay,PRY,1999,21.87683
Paraguay,PRY,2000,21.55939
Paraguay,PRY,2001,19.87923
Paraguay,PRY,2002,18.81539
Paraguay,PRY,2003,20.8618
Paraguay,PRY,2004,18.22925
Paraguay,PRY,2007,19.33039
Paraguay,PRY,2010,18.72218
Paraguay,PRY,2011,23.24948
Paraguay,PRY,2012,19.60245
Peru,PER,2000,15.25037
Peru,PER,2001,14.79623
Peru,PER,2002,14.57806
Peru,PER,2003,14.65831
Peru,PER,2004,15.27385
Peru,PER,2005,14.27852
Peru,PER,2006,14.0353
Peru,PER,2007,14.14177
Peru,PER,2008,14.53442
Peru,PER,2009,14.59631
Peru,PER,2010,13.55558
Peru,PER,2011,13.55255
Peru,PER,2012,14.37909
Peru,PER,2013,15.20863
Peru,PER,2014,16.2449
Philippines,PHL,1997,15.3684
Philippines,PHL,1998,18.18099
Philippines,PHL,2000,15.20676
Philippines,PHL,2001,13.91591
Philippines,PHL,2002,14.06893
Philippines,PHL,2003,14.38022
Philippines,PHL,2004,12.7509
Philippines,PHL,2005,12.42232
Philippines,PHL,2006,13.26849
Philippines,PHL,2007,13.66697
Philippines,PHL,2008,14.44199
Philippines,PHL,2009,13.21117
Poland,POL,1998,11.27881
Poland,POL,1999,10.8919
Poland,POL,2000,12.19891
Poland,POL,2001,12.17392
Poland,POL,2002,12.22743
Poland,POL,2003,11.97418
Poland,POL,2004,12.6811
Poland,POL,2005,12.1865
Poland,POL,2006,12.62833
Poland,POL,2007,11.25322
Poland,POL,2008,11.45085
Poland,POL,2009,11.13928
Poland,POL,2010,11.10892
Poland,POL,2011,11.06334
Portugal,PRT,1999,11.85663
Portugal,PRT,2000,12.10436
Portugal,PRT,2001,12.09401
Portugal,PRT,2002,12.02215
Portugal,PRT,2003,11.64595
Portugal,PRT,2004,10.94621
Portugal,PRT,2005,10.86354
Portugal,PRT,2006,11.43944
Portugal,PRT,2007,11.06376
Portugal,PRT,2008,10.37183
Portugal,PRT,2009,11.07481
Portugal,PRT,2010,10.42656
Portugal,PRT,2011,10.24668
Puerto Rico,PRI,2013,21.58274
Qatar,QAT,1998,7.93362
Qatar,QAT,1999,9.63585
Qatar,QAT,2000,9.57736
Qatar,QAT,2001,10.19462
Qatar,QAT,2002,11.97642
Qatar,QAT,2003,10.43067
Qatar,QAT,2004,11.76485
Qatar,QAT,2005,12.70809
Qatar,QAT,2006,8.63605
Qatar,QAT,2007,8.10067
Qatar,QAT,2008,14.222
Qatar,QAT,2009,14.32702
Qatar,QAT,2010,13.17872
Qatar,QAT,2011,12.70807
Qatar,QAT,2012,11.80998
Qatar,QAT,2013,12.76523
Qatar,QAT,2014,11.13241
Romania,ROU,2000,8.18758
Romania,ROU,2001,9.84882
Romania,ROU,2002,10.92235
Romania,ROU,2003,11.13906
Romania,ROU,2004,9.84331
Romania,ROU,2005,10.83668
Romania,ROU,2007,12.00496
Romania,ROU,2009,11.02129
Romania,ROU,2010,9.12913
Romania,ROU,2011,8.33493
Romania,ROU,2012,8.43579
Russia,RUS,2000,8.95183
Russia,RUS,2001,9.21335
Russia,RUS,2002,10.58385
Russia,RUS,2003,10.53169
Russia,RUS,2004,11.17592
Russia,RUS,2005,11.95056
Russia,RUS,2006,12.4258
Russia,RUS,2008,11.95923
Russia,RUS,2012,11.14676
Rwanda,RWA,1999,21.90942
Rwanda,RWA,2000,21.09614
Rwanda,RWA,2001,26.69957
Rwanda,RWA,2007,18.77496
Rwanda,RWA,2008,15.59088
Rwanda,RWA,2010,17.37576
Rwanda,RWA,2011,15.38505
Rwanda,RWA,2012,15.92128
Rwanda,RWA,2013,16.59715
Saint Kitts and Nevis,KNA,1998,14.4316
Saint Kitts and Nevis,KNA,1999,10.32295
Saint Kitts and Nevis,KNA,2000,13.68505
Saint Kitts and Nevis,KNA,2001,14.20753
Saint Kitts and Nevis,KNA,2002,9.95556
Saint Kitts and Nevis,KNA,2003,11.86328
Saint Kitts and Nevis,KNA,2004,11.53994
Saint Kitts and Nevis,KNA,2005,11.05621
Saint Kitts and Nevis,KNA,2006,12.2831
Saint Kitts and Nevis,KNA,2007,12.75324
Saint Lucia,LCA,1998,29.43382
Saint Lucia,LCA,1999,26.03627
Saint Lucia,LCA,2001,25.85463
Saint Lucia,LCA,2003,15.42216
Saint Lucia,LCA,2004,15.04104
Saint Lucia,LCA,2005,16.30697
Saint Lucia,LCA,2006,19.01138
Saint Lucia,LCA,2008,19.94337
Saint Lucia,LCA,2009,13.89532
Saint Lucia,LCA,2010,14.20208
Saint Lucia,LCA,2011,13.83676
Saint Lucia,LCA,2012,12.19245
Saint Lucia,LCA,2013,13.84786
Saint Lucia,LCA,2014,15.30152
Saint Vincent and the Grenadines,VCT,1998,14.84942
Saint Vincent and the Grenadines,VCT,1999,21.14544
Saint Vincent and the Grenadines,VCT,2000,30.7892
Saint Vincent and the Grenadines,VCT,2002,28.70131
Saint Vincent and the Grenadines,VCT,2003,31.47551
Saint Vincent and the Grenadines,VCT,2005,22.59199
Saint Vincent and the Grenadines,VCT,2007,20.03841
Saint Vincent and the Grenadines,VCT,2009,17.3385
Saint Vincent and the Grenadines,VCT,2010,15.48563
Samoa,WSM,1999,13.41717
Samoa,WSM,2000,10.4613
Samoa,WSM,2001,12.77033
Samoa,WSM,2002,12.7938
Samoa,WSM,2008,16.06423
San Marino,SMR,2010,10.78129
San Marino,SMR,2011,10.64036
Sao Tome and Principe,STP,2002,6.42829
Sao Tome and Principe,STP,2003,6.68909
Sao Tome and Principe,STP,2004,5.84991
Sao Tome and Principe,STP,2005,12.12649
Sao Tome and Principe,STP,2006,9.69203
Sao Tome and Principe,STP,2007,16.65969
Sao Tome and Principe,STP,2008,18.24332
Sao Tome and Principe,STP,2009,20.55948
Sao Tome and Principe,STP,2010,19.3236
Sao Tome and Principe,STP,2012,13.71965
Sao Tome and Principe,STP,2013,18.82657
Sao Tome and Principe,STP,2014,12.30941
Saudi Arabia,SAU,1997,12.29582
Saudi Arabia,SAU,1998,23.98243
Saudi Arabia,SAU,1999,23.3294
Saudi Arabia,SAU,2000,17.83659
Saudi Arabia,SAU,2001,20.89614
Saudi Arabia,SAU,2002,21.29412
Saudi Arabia,SAU,2003,21.45522
Saudi Arabia,SAU,2004,20.18866
Saudi Arabia,SAU,2005,19.29229
Saudi Arabia,SAU,2006,21.60387
Saudi Arabia,SAU,2008,19.25742
Senegal,SEN,1998,18.73254
Senegal,SEN,1999,16.82036
Senegal,SEN,2000,17.61849
Senegal,SEN,2001,15.72974
Senegal,SEN,2002,16.72192
Senegal,SEN,2003,16.11751
Senegal,SEN,2004,16.96225
Senegal,SEN,2005,21.77104
Senegal,SEN,2006,17.95464
Senegal,SEN,2008,19.22612
Senegal,SEN,2009,20.88079
Senegal,SEN,2010,20.72314
Serbia,SRB,2007,10.39359
Serbia,SRB,2008,10.83843
Serbia,SRB,2009,10.93675
Serbia,SRB,2010,10.51358
Serbia,SRB,2011,10.60352
Serbia,SRB,2012,9.59923
Seychelles,SYC,1998,9.87257
Seychelles,SYC,1999,9.37376
Seychelles,SYC,2002,9.22016
Seychelles,SYC,2003,12.0432
Seychelles,SYC,2006,10.95452
Seychelles,SYC,2011,10.38641
Sierra Leone,SLE,2000,20.7313
Sierra Leone,SLE,2001,17.9708
Sierra Leone,SLE,2002,17.70319
Sierra Leone,SLE,2003,17.31936
Sierra Leone,SLE,2004,17.1488
Sierra Leone,SLE,2005,15.50661
Sierra Leone,SLE,2007,19.75022
Sierra Leone,SLE,2008,14.93093
Sierra Leone,SLE,2009,15.89641
Sierra Leone,SLE,2010,12.80193
Sierra Leone,SLE,2011,12.41147
Sierra Leone,SLE,2012,14.12596
Sierra Leone,SLE,2013,15.20228
Sierra Leone,SLE,2014,15.09175
Singapore,SGP,2000,14.15517
Singapore,SGP,2001,18.10959
Singapore,SGP,2002,17.6956
Singapore,SGP,2003,22.67977
Singapore,SGP,2004,26.36067
Singapore,SGP,2005,23.8523
Singapore,SGP,2006,23.10702
Singapore,SGP,2007,22.50065
Singapore,SGP,2008,22.8247
Singapore,SGP,2009,17.52529
Singapore,SGP,2010,16.55659
Singapore,SGP,2011,20.61663
Singapore,SGP,2012,20.94088
Singapore,SGP,2013,19.92994
Slovakia,SVK,1997,8.55968
Slovakia,SVK,1999,8.61408
Slovakia,SVK,2000,7.47054
Slovakia,SVK,2001,8.89935
Slovakia,SVK,2002,9.47443
Slovakia,SVK,2003,10.63662
Slovakia,SVK,2004,10.93355
Slovakia,SVK,2005,9.5924
Slovakia,SVK,2006,9.67682
Slovakia,SVK,2007,9.81596
Slovakia,SVK,2008,9.66711
Slovakia,SVK,2009,9.18133
Slovakia,SVK,2010,9.85753
Slovakia,SVK,2011,9.83438
Slovakia,SVK,2012,9.79439
Slovenia,SVN,2001,13.81725
Slovenia,SVN,2002,13.72527
Slovenia,SVN,2003,13.69596
Slovenia,SVN,2004,13.49902
Slovenia,SVN,2005,13.29055
Slovenia,SVN,2006,13.3197
Slovenia,SVN,2007,12.89666
Slovenia,SVN,2008,12.54904
Slovenia,SVN,2009,12.30418
Slovenia,SVN,2010,12.08019
Slovenia,SVN,2011,12.07168
Slovenia,SVN,2012,12.63184
Solomon Islands,SLB,1998,13.11648
Solomon Islands,SLB,2007,22.16813
Solomon Islands,SLB,2008,18.8434
Solomon Islands,SLB,2009,16.78565
Solomon Islands,SLB,2010,17.47849
South Africa,ZAF,2001,20.47205
South Africa,ZAF,2002,20.0957
South Africa,ZAF,2003,19.5923
South Africa,ZAF,2004,19.93463
South Africa,ZAF,2005,19.92499
South Africa,ZAF,2006,19.68185
South Africa,ZAF,2007,18.38215
South Africa,ZAF,2008,17.90631
South Africa,ZAF,2009,18.30626
South Africa,ZAF,2010,18.04437
South Africa,ZAF,2011,18.92162
South Africa,ZAF,2012,20.62222
South Africa,ZAF,2013,19.15533
South Africa,ZAF,2014,19.10913
South Sudan,SSD,2011,3.93043
Spain,ESP,1998,10.48723
Spain,ESP,1999,10.69392
Spain,ESP,2000,10.68445
Spain,ESP,2001,10.71261
Spain,ESP,2002,10.709
Spain,ESP,2003,10.88755
Spain,ESP,2004,10.72629
Spain,ESP,2005,10.78145
Spain,ESP,2006,10.88879
Spain,ESP,2007,10.8762
Spain,ESP,2008,10.93867
Spain,ESP,2009,10.63552
Spain,ESP,2010,10.56398
Spain,ESP,2011,10.66101
Spain,ESP,2012,9.22981
Sri Lanka,LKA,1998,11.58281
Sri Lanka,LKA,2009,8.27076
Sri Lanka,LKA,2010,8.60563
Sri Lanka,LKA,2011,9.32521
Sri Lanka,LKA,2012,8.75172
Sudan,SDN,2000,9.11689
Sudan,SDN,2002,11.04489
Sudan,SDN,2004,7.94924
Sudan,SDN,2005,5.9668
Sudan,SDN,2006,8.25316
Sudan,SDN,2008,9.3854
Sudan,SDN,2009,10.7707
Swaziland,SWZ,1999,20.4332
Swaziland,SWZ,2000,18.74508
Swaziland,SWZ,2001,19.65618
Swaziland,SWZ,2002,17.29377
Swaziland,SWZ,2003,22.06382
Swaziland,SWZ,2004,21.10407
Swaziland,SWZ,2005,20.89186
Swaziland,SWZ,2006,22.70757
Swaziland,SWZ,2008,21.81324
Swaziland,SWZ,2009,19.38638
Swaziland,SWZ,2010,18.28303
Swaziland,SWZ,2011,22.35631
Sweden,SWE,1998,12.77152
Sweden,SWE,1999,12.4802
Sweden,SWE,2000,13.00554
Sweden,SWE,2001,12.93972
Sweden,SWE,2002,13.24319
Sweden,SWE,2003,12.95974
Sweden,SWE,2004,13.08087
Sweden,SWE,2005,12.78735
Sweden,SWE,2006,12.79996
Sweden,SWE,2007,12.86494
Sweden,SWE,2008,13.0583
Sweden,SWE,2009,13.21638
Sweden,SWE,2010,13.34556
Sweden,SWE,2011,13.24639
Sweden,SWE,2012,15.2498
Switzerland,CHE,1998,14.15674
Switzerland,CHE,2009,16.14197
Switzerland,CHE,2010,15.949
Switzerland,CHE,2011,15.89852
Switzerland,CHE,2012,16.09951
Syria,SYR,2001,15.66206
Syria,SYR,2002,16.82607
Syria,SYR,2003,19.8554
Syria,SYR,2004,17.1454
Syria,SYR,2006,20.04848
Syria,SYR,2007,18.92593
Syria,SYR,2008,20.04079
Syria,SYR,2009,19.18405
Tajikistan,TJK,1998,15.07245
Tajikistan,TJK,1999,11.83439
Tajikistan,TJK,2000,12.02514
Tajikistan,TJK,2001,13.18853
Tajikistan,TJK,2002,14.59364
Tajikistan,TJK,2003,12.69424
Tajikistan,TJK,2004,13.67676
Tajikistan,TJK,2005,15.29338
Tajikistan,TJK,2006,15.63601
Tajikistan,TJK,2007,12.21488
Tajikistan,TJK,2008,12.8005
Tajikistan,TJK,2009,14.31216
Tajikistan,TJK,2010,15.33145
Tajikistan,TJK,2011,14.56051
Tajikistan,TJK,2012,16.35024
Tanzania,TZA,1998,11.79397
Tanzania,TZA,2004,19.49264
Tanzania,TZA,2005,18.14316
Tanzania,TZA,2006,15.01412
Tanzania,TZA,2007,19.43172
Tanzania,TZA,2008,18.77841
Tanzania,TZA,2009,17.41092
Tanzania,TZA,2010,19.64802
Tanzania,TZA,2014,17.25627
Thailand,THA,1998,19.48098
Thailand,THA,1999,18.97908
Thailand,THA,2000,28.3886
Thailand,THA,2001,24.24127
Thailand,THA,2002,16.22287
Thailand,THA,2003,20.86637
Thailand,THA,2004,21.45771
Thailand,THA,2005,20.54676
Thailand,THA,2006,22.00282
Thailand,THA,2007,18.48466
Thailand,THA,2008,18.16283
Thailand,THA,2009,18.17831
Thailand,THA,2010,16.22264
Thailand,THA,2011,22.63026
Thailand,THA,2012,21.39677
Timor,TLS,2008,9.86456
Timor,TLS,2009,15.52864
Timor,TLS,2010,12.88816
Timor,TLS,2011,9.61729
Timor,TLS,2014,7.74731
Togo,TGO,1998,20.98232
Togo,TGO,1999,23.41876
Togo,TGO,2000,24.42371
Togo,TGO,2001,25.73136
Togo,TGO,2002,30.70003
Togo,TGO,2003,27.75643
Togo,TGO,2004,21.83069
Togo,TGO,2005,17.67808
Togo,TGO,2006,17.28665
Togo,TGO,2007,18.15452
Togo,TGO,2008,19.24566
Togo,TGO,2009,19.37198
Togo,TGO,2010,19.61576
Togo,TGO,2011,18.63494
Togo,TGO,2012,17.68043
Togo,TGO,2013,17.20001
Togo,TGO,2014,19.36476
Tonga,TON,1999,22.60827
Tonga,TON,2000,22.95586
Tonga,TON,2001,19.7819
Tonga,TON,2002,15.46275
Tonga,TON,2003,18.41225
Tonga,TON,2004,18.10253
Trinidad and Tobago,TTO,1997,11.307
Trinidad and Tobago,TTO,1998,8.03995
Trinidad and Tobago,TTO,1999,9.70982
Trinidad and Tobago,TTO,2000,10.42718
Trinidad and Tobago,TTO,2001,10.42365
Trinidad and Tobago,TTO,2002,13.39844
Trinidad and Tobago,TTO,2003,13.33585
Tunisia,TUN,1997,25.95522
Tunisia,TUN,1999,24.90079
Tunisia,TUN,2000,24.59178
Tunisia,TUN,2001,24.64776
Tunisia,TUN,2002,22.88013
Tunisia,TUN,2003,27.68429
Tunisia,TUN,2004,27.83381
Tunisia,TUN,2005,26.69569
Tunisia,TUN,2006,26.86131
Tunisia,TUN,2007,26.42863
Tunisia,TUN,2008,25.25867
Tunisia,TUN,2009,25.26201
Tunisia,TUN,2010,26.07562
Tunisia,TUN,2012,21.61525
Turkey,TUR,2000,7.08241
Turkey,TUR,2001,6.60896
Turkey,TUR,2002,6.53223
Turkey,TUR,2003,7.15246
Turkey,TUR,2004,8.77593
Turkey,TUR,2006,8.54862
Turkmenistan,TKM,2012,20.79551
Uganda,UGA,2000,10.35489
Uganda,UGA,2004,20.30833
Uganda,UGA,2009,13.85372
Uganda,UGA,2010,9.38318
Uganda,UGA,2011,12.07702
Uganda,UGA,2012,12.60984
Uganda,UGA,2013,11.76472
Ukraine,UKR,1997,12.92467
Ukraine,UKR,1998,11.59928
Ukraine,UKR,1999,13.53417
Ukraine,UKR,2000,11.35897
Ukraine,UKR,2001,12.81095
Ukraine,UKR,2002,14.36096
Ukraine,UKR,2003,14.41952
Ukraine,UKR,2004,12.78175
Ukraine,UKR,2005,13.73865
Ukraine,UKR,2006,13.92323
Ukraine,UKR,2007,14.03619
Ukraine,UKR,2008,13.55571
Ukraine,UKR,2009,15.05737
Ukraine,UKR,2011,13.48432
Ukraine,UKR,2012,13.66552
Ukraine,UKR,2013,13.86764
United Arab Emirates,ARE,1997,5.02373
United Kingdom,GBR,1998,12.25563
United Kingdom,GBR,1999,11.80168
United Kingdom,GBR,2000,12.06015
United Kingdom,GBR,2001,12.29263
United Kingdom,GBR,2002,13.56549
United Kingdom,GBR,2003,13.61654
United Kingdom,GBR,2004,12.95551
United Kingdom,GBR,2005,13.18665
United Kingdom,GBR,2006,13.22107
United Kingdom,GBR,2007,13.01274
United Kingdom,GBR,2008,12.96622
United Kingdom,GBR,2009,12.60698
United Kingdom,GBR,2010,12.96037
United Kingdom,GBR,2011,12.71642
United Kingdom,GBR,2013,12.97461
United States,USA,2002,16.5502
United States,USA,2003,16.59401
United States,USA,2004,15.68447
United States,USA,2005,15.13099
United States,USA,2006,15.1779
United States,USA,2007,14.55928
United States,USA,2008,14.17161
United States,USA,2009,12.91058
United States,USA,2010,13.16852
United States,USA,2011,13.05128
Uruguay,URY,2000,8.31884
Uruguay,URY,2001,9.1999
Uruguay,URY,2002,7.71913
Uruguay,URY,2003,6.8295
Uruguay,URY,2004,8.42054
Uruguay,URY,2005,9.46483
Uruguay,URY,2006,9.89818
Uruguay,URY,2011,14.92589
Vanuatu,VUT,1998,27.4011
Vanuatu,VUT,1999,25.82178
Vanuatu,VUT,2000,27.52419
Vanuatu,VUT,2001,40.07755
Vanuatu,VUT,2002,36.40962
Vanuatu,VUT,2003,44.8018
Vanuatu,VUT,2008,21.40563
Vanuatu,VUT,2009,18.72315
Vanuatu,VUT,2014,21.82901
Venezuela,VEN,2006,9.344
Venezuela,VEN,2007,10.09005
Venezuela,VEN,2009,20.66358
Vietnam,VNM,2008,18.05421
Vietnam,VNM,2010,20.93943
Vietnam,VNM,2012,21.43734
Yemen,YEM,2000,30.48928
Yemen,YEM,2001,30.32128
Yemen,YEM,2008,12.48921
Zambia,ZMB,2000,8.35262
Zambia,ZMB,2004,10.58499
Zambia,ZMB,2005,7.72973
Zambia,ZMB,2007,6.22791
Zambia,ZMB,2008,5.6518
Zimbabwe,ZWE,2010,8.72091